date,total_pnl,median_pnl,trade_count,win_rate,total_volume,avg_trade_size,long_ratio,fg_value,classification,is_profitable,weekend,cumulative_pnl,sentiment_group,fg_yest,pnl_yest,vol_yest,target,intensity_q,sharpe_proxy
2023-05-01,0.0,0.0,3,0.0,477.0,159.0,1.0,63.0,Greed,False,False,0.0,Greed,,,,0.0,Mid-Low,
2023-12-05,0.0,0.0,9,0.0,50005.83,5556.203333333334,0.7777777777777778,75.0,Extreme Greed,False,False,0.0,Greed,63.0,0.0,477.0,0.0,High,
2023-12-14,-205.43473700000007,0.0,11,0.36363636363636365,113203.35,10291.213636363636,0.45454545454545453,72.0,Greed,False,False,-205.43473700000007,Greed,75.0,0.0,50005.83,0.0,Mid-High,
2023-12-15,-24.632033999999997,-12.316016999999999,2,0.0,10609.95,5304.975,1.0,70.0,Greed,False,False,-230.06677100000007,Greed,72.0,-205.43473700000007,113203.35,0.0,Mid-High,
2023-12-16,0.0,0.0,3,0.0,15348.77,5116.256666666667,1.0,67.0,Greed,False,True,-230.06677100000007,Greed,70.0,-24.632033999999997,10609.95,1.0,Mid-Low,
2023-12-17,304.982785,0.02676,14,0.5,116278.02,8305.572857142857,0.21428571428571427,73.0,Greed,True,True,74.9160139999999,Greed,67.0,0.0,15348.77,0.0,Mid-High,
2023-12-18,0.0,0.0,2,0.0,31164.179999999997,15582.089999999998,1.0,65.0,Greed,False,False,74.9160139999999,Greed,73.0,304.982785,116278.02,1.0,Mid-Low,0.0
2023-12-19,1000.5386120000001,4.502567,15,0.6666666666666666,91602.41,6106.827333333334,0.3333333333333333,73.0,Greed,True,False,1075.454626,Greed,65.0,0.0,31164.179999999997,1.0,Mid-High,2.4862761229796204
2023-12-20,162.732282,0.0,18,0.4444444444444444,141636.79,7868.710555555556,0.5555555555555556,74.0,Greed,True,False,1238.186908,Greed,73.0,1000.5386120000001,91602.41,1.0,Mid-High,0.41018383728079855
2023-12-21,537.211402,0.032592,49,0.5306122448979592,125233.97,2555.795306122449,0.4489795918367347,70.0,Greed,True,False,1775.39831,Greed,74.0,162.732282,141636.79,1.0,Mid-High,1.4279189193794108
2023-12-22,141.832675,0.0,10,0.2,88874.28,8887.428,0.8,74.0,Greed,True,False,1917.2309850000001,Greed,70.0,537.211402,125233.97,1.0,Mid-High,0.3957680673192507
2023-12-23,146.936704,10.836504,13,0.6153846153846154,78438.25,6033.711538461538,0.38461538461538464,70.0,Greed,True,True,2064.1676890000003,Greed,74.0,141.832675,88874.28,1.0,Mid-High,0.4305106860634549
2023-12-24,1008.619956,0.0,39,0.38461538461538464,402954.94,10332.177948717948,0.5384615384615384,71.0,Greed,True,True,3072.7876450000003,Greed,70.0,146.936704,78438.25,0.0,Mid-High,2.3650150538950108
2023-12-25,-245.081348,0.0,3,0.0,59948.51,19982.836666666666,0.6666666666666666,73.0,Greed,False,False,2827.706297,Greed,71.0,1008.619956,402954.94,0.0,Mid-High,-0.5161627065715362
2023-12-27,-704.8892269999999,0.0,28,0.14285714285714285,171411.06,6121.823571428571,0.5357142857142857,73.0,Greed,False,False,2122.81707,Greed,73.0,-245.081348,59948.51,0.0,Mid-High,-1.296224307543961
2023-12-28,-970.730876,-13.250952,23,0.0,100117.25,4352.923913043478,0.43478260869565216,73.0,Greed,False,False,1152.086194,Greed,73.0,-704.8892269999999,171411.06,1.0,Mid-High,-1.4095208237677737
2023-12-29,508.92214299999995,0.0,50,0.3,569559.72,11391.1944,0.62,65.0,Greed,True,False,1661.008337,Greed,73.0,-970.730876,100117.25,1.0,Mid-Low,0.7429446850587639
2023-12-30,354.998648,0.0,52,0.4423076923076923,702550.21,13510.58096153846,0.38461538461538464,68.0,Greed,True,True,2016.006985,Greed,65.0,508.92214299999995,569559.72,0.0,Mid-High,0.5087189565088324
2024-01-01,-129.53146,0.0,18,0.05555555555555555,264239.52999999997,14679.973888888888,0.5555555555555556,65.0,Greed,False,False,1886.475525,Greed,68.0,354.998648,702550.21,1.0,Mid-Low,-0.18587310496478252
2024-01-02,783.979116,0.0,17,0.47058823529411764,121348.74,7138.1611764705885,0.5294117647058824,71.0,Greed,True,False,2670.4546410000003,Greed,65.0,-129.53146,264239.52999999997,1.0,Mid-High,1.216347712555557
2024-01-03,866.015507,0.0,67,0.417910447761194,394499.36,5888.050149253731,0.47761194029850745,70.0,Greed,True,False,3536.4701480000003,Greed,71.0,783.979116,121348.74,0.0,Mid-High,1.1982938012924031
2024-01-04,-67.60364,-0.0786,5,0.0,99792.54000000001,19958.508,0.4,68.0,Greed,False,False,3468.8665080000005,Greed,70.0,866.015507,394499.36,1.0,Mid-High,-0.10569815954255243
2024-01-05,164.141565,0.0,66,0.19696969696969696,1703942.66,25817.31303030303,0.4696969696969697,72.0,Greed,True,False,3633.0080730000004,Greed,68.0,-67.60364,99792.54000000001,1.0,Mid-High,0.41948965992667
2024-01-06,135.58166400000002,0.0,22,0.45454545454545453,298521.4,13569.154545454547,0.5,70.0,Greed,True,True,3768.5897370000002,Greed,72.0,164.141565,1703942.66,0.0,Mid-High,0.3457286413806896
2024-01-07,-835.681235,0.0,97,0.09278350515463918,1048850.06,10812.887216494846,0.5360824742268041,71.0,Greed,False,True,2932.908502,Greed,70.0,135.58166400000002,298521.4,0.0,Mid-High,-1.444001958455811
2024-01-08,-269.874439,0.0,128,0.25,1522452.43,11894.159609375,0.3125,71.0,Greed,False,False,2663.034063,Greed,71.0,-835.681235,1048850.06,0.0,Mid-High,-0.45622021329423706
2024-01-09,-826.349863,0.0,70,0.2571428571428571,870051.97,12429.313857142857,0.4,76.0,Extreme Greed,False,False,1836.6842000000001,Greed,71.0,-269.874439,1522452.43,0.0,High,-1.3789691485702413
2024-01-10,-1517.091342,0.0,193,0.21243523316062177,2057479.48,10660.515440414507,0.47668393782383417,73.0,Greed,False,False,319.5928580000002,Greed,76.0,-826.349863,870051.97,0.0,Mid-High,-2.4359712859757523
2024-01-11,-164.08950099999998,0.0,21,0.23809523809523808,305314.1,14538.766666666666,0.6190476190476191,76.0,Extreme Greed,False,False,155.50335700000022,Greed,73.0,-1517.091342,2057479.48,0.0,High,-0.26739156647056306
2024-01-12,-1925.519024,0.0,7,0.0,200082.27,28583.181428571428,0.7142857142857143,71.0,Greed,False,False,-1770.0156669999997,Greed,76.0,-164.08950099999998,305314.1,1.0,Mid-High,-2.5814841989120936
2024-01-15,152.85358,2.4946450000000002,14,0.6428571428571429,50636.1,3616.8642857142854,0.35714285714285715,52.0,Neutral,True,False,-1617.1620869999997,Neutral,71.0,-1925.519024,200082.27,0.0,Mid-Low,0.20396292006861927
2024-01-16,-2299.171458,0.0,9,0.3333333333333333,116427.33,12936.37,0.4444444444444444,64.0,Greed,False,False,-3916.3335449999995,Greed,52.0,152.85358,50636.1,1.0,Mid-Low,-2.4236238946369153
2024-01-17,813.2741110000001,0.0,53,0.20754716981132076,800831.03,15110.019433962265,0.5849056603773585,60.0,Greed,True,False,-3103.0594339999993,Greed,64.0,-2299.171458,116427.33,1.0,Mid-Low,0.7069611840180751
2024-01-18,68.93319,0.0,46,0.06521739130434782,424631.52999999997,9231.120217391304,0.391304347826087,63.0,Greed,True,False,-3034.126243999999,Greed,60.0,813.2741110000001,800831.03,0.0,Mid-Low,0.05750232627937197
2024-01-19,-385.419235,0.0,48,0.125,428428.97,8925.603541666665,0.6458333333333334,51.0,Neutral,False,False,-3419.545478999999,Neutral,63.0,68.93319,424631.52999999997,0.0,Mid-Low,-0.33671002677395395
2024-01-20,-146.57487000000003,0.0,106,0.14150943396226415,1070090.51,10095.193490566038,0.5660377358490566,52.0,Neutral,False,True,-3566.120348999999,Neutral,51.0,-385.419235,428428.97,1.0,Mid-Low,-0.1279431847460106
2024-01-21,266.58114600000005,0.0,11,0.2727272727272727,103129.74,9375.43090909091,0.2727272727272727,56.0,Greed,True,True,-3299.539202999999,Greed,52.0,-146.57487000000003,1070090.51,1.0,Mid-Low,0.2692278357043129
2024-01-22,1375.640959,0.0,85,0.27058823529411763,337878.99,3975.0469411764707,0.6,55.0,Greed,True,False,-1923.8982439999988,Greed,56.0,266.58114600000005,103129.74,0.0,Mid-Low,1.185985469646914
2024-01-23,-369.2447299999998,0.0,45,0.24444444444444444,414518.93000000005,9211.531777777778,0.7333333333333333,50.0,Neutral,False,False,-2293.1429739999985,Neutral,55.0,1375.640959,337878.99,0.0,Mid-Low,-0.5653322447636728
2024-01-24,-2808.353815,0.0,68,0.14705882352941177,965084.59,14192.42044117647,0.39705882352941174,48.0,Neutral,False,False,-5101.496788999999,Neutral,50.0,-369.2447299999998,414518.93000000005,0.0,Low,-2.2212523162116895
2024-01-25,-3093.6293849999997,-481.44219250000003,6,0.0,66566.13,11094.355000000001,0.0,52.0,Neutral,False,False,-8195.126173999999,Neutral,48.0,-2808.353815,965084.59,1.0,Mid-Low,-1.8990826852357137
2024-01-26,90.2,0.0,5,0.2,11773.21,2354.642,0.8,49.0,Neutral,True,False,-8104.926173999999,Neutral,52.0,-3093.6293849999997,66566.13,0.0,Mid-Low,0.0544740947185028
2024-01-28,-2478.06972,-68.216526,11,0.0,18109.03,1646.2754545454545,0.0,54.0,Neutral,False,True,-10582.995894,Neutral,49.0,90.2,11773.21,1.0,Mid-Low,-1.4047191593102595
2024-01-29,486.562542,0.0479375,74,0.6081081081081081,414208.18,5597.407837837838,0.28378378378378377,55.0,Greed,True,False,-10096.433352,Greed,54.0,-2478.06972,18109.03,0.0,Mid-Low,0.2714871030517195
2024-01-30,-173.65419100000003,0.0,49,0.10204081632653061,401011.38,8183.905714285715,0.5714285714285714,61.0,Greed,False,False,-10270.087543,Greed,55.0,486.562542,414208.18,0.0,Mid-Low,-0.11344725586819862
2024-01-31,-799.840817,0.0,859,0.2689173457508731,6305647.13,7340.683504074505,0.5471478463329453,60.0,Greed,False,False,-11069.92836,Greed,61.0,-173.65419100000003,401011.38,0.0,Mid-Low,-0.5330606508047887
2024-02-01,0.0,0.0,6,0.0,2008.18,334.69666666666666,1.0,63.0,Greed,False,False,-11069.92836,Greed,60.0,-799.840817,6305647.13,1.0,Mid-Low,0.0
2024-02-02,456.423473,0.0,42,0.30952380952380953,474278.43,11292.343571428572,0.4523809523809524,63.0,Greed,True,False,-10613.504887,Greed,63.0,0.0,2008.18,1.0,Mid-Low,0.4409520149526908
2024-02-03,223.30918699999998,0.0,56,0.10714285714285714,603820.0,10782.5,0.32142857142857145,60.0,Greed,True,True,-10390.195699999998,Greed,63.0,456.423473,474278.43,1.0,Mid-Low,0.21357165216161736
2024-02-04,47.62389499999999,-0.02695,35,0.2571428571428571,203187.53,5805.358,0.5428571428571428,60.0,Greed,True,True,-10342.571804999998,Greed,60.0,223.30918699999998,603820.0,0.0,Mid-Low,0.10836475596507565
2024-02-05,-33.45419400000003,0.0,72,0.19444444444444445,770198.26,10697.198055555556,0.4583333333333333,60.0,Greed,False,False,-10376.025998999998,Greed,60.0,47.62389499999999,203187.53,0.0,Mid-Low,-0.08541990050159463
2024-02-06,-215.615907,0.0,1088,0.1645220588235294,8047153.41,7396.280707720588,0.47610294117647056,64.0,Greed,False,False,-10591.641905999997,Greed,60.0,-33.45419400000003,770198.26,1.0,Mid-Low,-0.546771703382066
2024-02-07,241.24212,0.0,15,0.13333333333333333,6758.73,450.582,0.4666666666666667,62.0,Greed,True,False,-10350.399785999996,Greed,64.0,-215.615907,8047153.41,1.0,Mid-Low,1.0929771892338147
2024-02-08,770.756024,0.0,10,0.4,26051.12,2605.112,0.2,66.0,Greed,True,False,-9579.643761999996,Greed,62.0,241.24212,6758.73,1.0,Mid-Low,2.3543433823836124
2024-02-11,983.443176,0.0,34,0.20588235294117646,212311.82,6244.465294117647,0.6764705882352942,71.0,Greed,True,True,-8596.200585999995,Greed,66.0,770.756024,26051.12,1.0,Mid-High,2.258345605671739
2024-02-12,913.8817869999998,-26.696452,16,0.375,227247.69999999998,14202.981249999999,0.6875,70.0,Greed,True,False,-7682.318798999995,Greed,71.0,983.443176,212311.82,1.0,Mid-High,1.854559867482318
2024-02-13,559.44389,30.05825,14,1.0,1999.99,142.85642857142858,0.0,79.0,Extreme Greed,True,False,-7122.874908999995,Greed,70.0,913.8817869999998,227247.69999999998,1.0,High,1.1863436436518573
2024-02-14,3830.599833,16.74,111,0.7477477477477478,320839.88,2890.4493693693694,0.3063063063063063,74.0,Greed,True,False,-3292.2750759999944,Greed,79.0,559.44389,1999.99,1.0,Mid-High,2.920937751721698
2024-02-15,1840.797677,13.15072,63,0.9047619047619048,185188.04,2939.4926984126987,0.8253968253968254,72.0,Greed,True,False,-1451.4773989999944,Greed,74.0,3830.599833,320839.88,1.0,Mid-High,1.5118539623144067
2024-02-16,5491.768834,11.42332,182,0.8021978021978022,564896.51,3103.826978021978,0.6318681318681318,72.0,Greed,True,False,4040.291435000006,Greed,72.0,1840.797677,185188.04,1.0,Mid-High,2.911560873359492
2024-02-17,1929.6418,4.1904,94,0.648936170212766,406118.07,4320.405,0.5319148936170213,76.0,Extreme Greed,True,True,5969.933235000006,Greed,72.0,5491.768834,564896.51,1.0,High,1.0698500547154146
2024-02-18,477.6248299999999,6.59648,97,0.6288659793814433,157048.17,1619.0532989690723,0.3917525773195876,72.0,Greed,True,True,6447.558065000006,Greed,76.0,1929.6418,406118.07,1.0,Mid-High,0.255357829142004
2024-02-19,4317.768563,10.73646,101,0.7623762376237624,286377.2,2835.417821782178,0.40594059405940597,75.0,Extreme Greed,True,False,10765.326628000006,Greed,72.0,477.6248299999999,157048.17,1.0,High,2.2290529153657284
2024-02-20,3263.628824,13.6526,39,0.7948717948717948,119419.72,3062.0441025641026,0.3333333333333333,72.0,Greed,True,False,14028.955452000006,Greed,75.0,4317.768563,286377.2,1.0,Mid-High,1.9080806342669154
2024-02-21,1858.7985700000002,25.544000000000004,22,0.6818181818181818,108047.51999999999,4911.250909090909,0.3181818181818182,78.0,Extreme Greed,True,False,15887.754022000006,Greed,72.0,3263.628824,119419.72,1.0,High,1.0823604953497519
2024-02-22,3894.1050699999996,0.0,88,0.45454545454545453,373033.87,4239.02125,0.3977272727272727,74.0,Greed,True,False,19781.859092000006,Greed,78.0,1858.7985700000002,108047.51999999999,1.0,Mid-High,2.2725730797558015
2024-02-23,1418.55293,7.189966,143,0.958041958041958,111106.14,776.966013986014,0.916083916083916,76.0,Extreme Greed,True,False,21200.412022000008,Greed,74.0,3894.1050699999996,373033.87,0.0,High,1.0110871613867916
2024-02-25,-30.7705,0.0,5,0.0,4480.13,896.0260000000001,0.4,74.0,Greed,False,True,21169.64152200001,Greed,76.0,1418.55293,111106.14,1.0,Mid-High,-0.018200015509369713
2024-02-26,4416.8473,31.028709,39,0.8717948717948718,192187.14,4927.875384615385,0.6923076923076923,72.0,Greed,True,False,25586.48882200001,Greed,74.0,-30.7705,4480.13,1.0,Mid-High,2.6157805260321614
2024-02-27,888.511733,0.0,63,0.4126984126984127,209362.3,3323.2111111111108,0.5238095238095238,79.0,Extreme Greed,True,False,26475.00055500001,Greed,72.0,4416.8473,192187.14,1.0,High,0.5386498191846152
2024-02-28,2503.747235,18.122,45,0.8666666666666667,171107.13,3802.380666666667,0.6888888888888889,82.0,Extreme Greed,True,False,28978.74779000001,Greed,79.0,888.511733,209362.3,1.0,High,1.5693888276002779
2024-02-29,9813.996992,29.654400000000003,116,0.8620689655172413,395666.73,3410.9200862068965,0.5172413793103449,80.0,Extreme Greed,True,False,38792.74478200001,Greed,82.0,2503.747235,171107.13,1.0,High,2.9791819199964076
2024-03-01,8244.241409,27.04384,137,0.9343065693430657,472974.7,3452.370072992701,0.27007299270072993,80.0,Extreme Greed,True,False,47036.98619100001,Greed,80.0,9813.996992,395666.73,1.0,High,2.1682642947344983
2024-03-02,230.90060000000005,1.3124,31,0.6774193548387096,63197.56,2038.6309677419354,0.9032258064516129,80.0,Extreme Greed,True,True,47267.88679100001,Greed,80.0,8244.241409,472974.7,1.0,High,0.058388918818287554
2024-03-03,8361.086245,15.04116,79,0.6835443037974683,390745.68,4946.1478481012655,0.45569620253164556,83.0,Extreme Greed,True,True,55628.97303600001,Greed,80.0,230.90060000000005,63197.56,1.0,High,2.1448697282062987
2024-03-04,27799.775742,30.85353,300,0.8866666666666667,1577996.87,5259.989566666667,0.5366666666666666,82.0,Extreme Greed,True,False,83428.74877800001,Greed,83.0,8361.086245,390745.68,1.0,High,2.940807035801537
2024-03-05,19791.026041,34.3644515,180,0.9055555555555556,841810.32,4676.724,0.3055555555555556,90.0,Extreme Greed,True,False,103219.77481900001,Greed,82.0,27799.775742,1577996.87,1.0,High,2.0419587643581862
2024-03-06,6814.825139,27.00537,82,0.8780487804878049,327218.02,3990.4636585365856,0.5975609756097561,75.0,Extreme Greed,True,False,110034.599958,Greed,90.0,19791.026041,841810.32,1.0,High,0.7416343372214504
2024-03-08,4271.886236,12.4432,67,0.8805970149253731,183583.18,2740.047462686567,0.2835820895522388,81.0,Extreme Greed,True,False,114306.48619400001,Greed,75.0,6814.825139,327218.02,1.0,High,0.4451677898069858
2024-03-09,9949.501624,25.01825,117,0.8290598290598291,658178.75,5625.459401709401,0.7094017094017094,84.0,Extreme Greed,True,True,124255.98781800001,Greed,81.0,4271.886236,183583.18,1.0,High,1.042674337123934
2024-03-10,2482.9272,2.505,42,0.6904761904761905,219973.85,5237.472619047619,0.9047619047619048,79.0,Extreme Greed,True,True,126738.91501800001,Greed,84.0,9949.501624,658178.75,1.0,High,0.2714396439716166
2024-03-11,3588.179495,18.72521,42,0.9285714285714286,176519.44999999998,4202.844047619047,0.2857142857142857,82.0,Extreme Greed,True,False,130327.09451300002,Greed,79.0,2482.9272,219973.85,1.0,High,0.37473224189214527
2024-03-12,3039.166,16.76285,8,0.875,103040.85,12880.10625,0.125,81.0,Extreme Greed,True,False,133366.26051300002,Greed,82.0,3588.179495,176519.44999999998,0.0,High,0.4936744267271841
2024-03-13,0.0,0.0,7,0.0,6000.799999999999,857.2571428571428,1.0,81.0,Extreme Greed,False,False,133366.26051300002,Greed,81.0,3039.166,103040.85,1.0,High,0.0
2024-03-14,3465.865832,50.144227,18,0.8888888888888888,205933.18,11440.732222222221,0.1111111111111111,88.0,Extreme Greed,True,False,136832.12634500003,Greed,81.0,0.0,6000.799999999999,1.0,High,1.1453258686286232
2024-03-15,6236.513651,24.1152,62,0.6612903225806451,351894.41,5675.71629032258,0.41935483870967744,83.0,Extreme Greed,True,False,143068.639996,Greed,88.0,3465.865832,205933.18,1.0,High,1.9722378753465024
2024-03-16,228.57984,0.0,8,0.125,37223.66,4652.9575,0.625,81.0,Extreme Greed,True,True,143297.219836,Greed,83.0,6236.513651,351894.41,1.0,High,0.1068870136619892
2024-03-17,503.293955,0.0,23,0.43478260869565216,99506.95,4326.389130434783,0.782608695652174,79.0,Extreme Greed,True,True,143800.513791,Greed,81.0,228.57984,37223.66,1.0,High,0.21883037494647103
2024-03-18,1456.9577,0.0,19,0.3157894736842105,90458.08,4760.951578947369,0.6842105263157895,77.0,Extreme Greed,True,False,145257.471491,Greed,79.0,503.293955,99506.95,1.0,High,0.6438278358367696
2024-03-19,668.797973,0.0,24,0.20833333333333334,219884.84,9161.868333333334,0.7083333333333334,79.0,Extreme Greed,True,False,145926.269464,Greed,77.0,1456.9577,90458.08,1.0,High,0.2930730447466309
2024-03-20,6423.134599,14.004,69,0.8695652173913043,215705.85,3126.171739130435,0.42028985507246375,74.0,Greed,True,False,152349.40406300002,Greed,79.0,668.797973,219884.84,1.0,Mid-High,2.38388731281249
2024-03-21,2335.5080749999997,27.4342,28,0.8214285714285714,117895.57,4210.556071428572,0.9285714285714286,78.0,Extreme Greed,True,False,154684.912138,Greed,74.0,6423.134599,215705.85,1.0,High,0.8729298775592023
2024-03-24,1297.018477,35.104212,19,0.7894736842105263,92592.20999999999,4873.274210526315,0.7894736842105263,74.0,Greed,True,True,155981.93061500002,Greed,78.0,2335.5080749999997,117895.57,1.0,Mid-High,0.6064187830358879
2024-03-25,1302.916428,149.807117,7,0.8571428571428571,57116.32,8159.4742857142855,0.0,75.0,Extreme Greed,True,False,157284.84704300002,Greed,74.0,1297.018477,92592.20999999999,1.0,High,0.6387575016129722
2024-03-26,3215.906593,18.078525,118,0.9322033898305084,198565.19,1682.7558474576272,0.06779661016949153,81.0,Extreme Greed,True,False,160500.753636,Greed,75.0,1302.916428,57116.32,1.0,High,1.6368320534559715
2024-03-27,150.41114,0.0,38,0.3157894736842105,99864.79,2628.020789473684,0.5,83.0,Extreme Greed,True,False,160651.16477600002,Greed,81.0,3215.906593,198565.19,1.0,High,0.0708378596781613
2024-03-28,227.85100799999998,12.233936,13,0.6923076923076923,35323.72,2717.209230769231,0.9230769230769231,80.0,Extreme Greed,True,False,160879.01578400002,Greed,83.0,150.41114,99864.79,1.0,High,0.10442247156793279
2024-03-29,883.097404,0.0,15,0.4,86914.37,5794.291333333333,0.6,79.0,Extreme Greed,True,False,161762.11318800002,Greed,80.0,227.85100799999998,35323.72,1.0,High,0.7965920091896452
2024-03-30,1100.57514,10.11075,45,0.9777777777777777,101103.92,2246.753777777778,0.022222222222222223,75.0,Extreme Greed,True,True,162862.68832800002,Greed,79.0,883.097404,86914.37,1.0,High,1.0797347542552562
2024-03-31,912.786145,16.0695,13,0.7692307692307693,39912.96,3070.2276923076925,0.0,75.0,Extreme Greed,True,True,163775.474473,Greed,75.0,1100.57514,101103.92,1.0,High,0.8935264037939906
2024-04-01,2507.963406,0.54675,77,0.5454545454545454,339470.47,4408.7074025974025,0.4155844155844156,79.0,Extreme Greed,True,False,166283.437879,Greed,75.0,912.786145,39912.96,1.0,High,2.177003562355365
2024-04-02,883.760812,0.0,41,0.2926829268292683,239664.50999999998,5845.475853658536,0.24390243902439024,79.0,Extreme Greed,True,False,167167.198691,Greed,79.0,2507.963406,339470.47,1.0,High,1.1376211327623404
2024-04-03,126.7884,0.0,4,0.25,16887.57,4221.8925,0.75,71.0,Greed,True,False,167293.987091,Greed,79.0,883.760812,239664.50999999998,0.0,Mid-High,0.16235054030231094
2024-04-04,0.0,0.0,32,0.0,95987.73,2999.6165625,0.0,70.0,Greed,False,False,167293.987091,Greed,71.0,126.7884,16887.57,1.0,Mid-High,0.0
2024-04-05,10706.484306,8.978760000000001,100,0.9,503791.8,5037.918,0.17,79.0,Extreme Greed,True,False,178000.471397,Greed,70.0,0.0,95987.73,1.0,High,2.826464208587304
2024-04-06,236.33513399999998,0.0,16,0.25,68223.67,4263.979375,0.0,75.0,Extreme Greed,True,True,178236.80653099998,Greed,79.0,10706.484306,503791.8,0.0,High,0.06141904112047262
2024-04-07,0.0,0.0,23,0.0,49988.14,2173.397391304348,0.0,78.0,Extreme Greed,False,True,178236.80653099998,Greed,75.0,236.33513399999998,68223.67,1.0,High,0.0
2024-04-08,1218.4267,0.0,30,0.03333333333333333,211940.64,7064.688,0.03333333333333333,76.0,Extreme Greed,True,False,179455.233231,Greed,78.0,0.0,49988.14,0.0,High,0.31085219825424926
2024-04-09,0.0,0.0,3,0.0,57063.840000000004,19021.280000000002,0.0,80.0,Extreme Greed,False,False,179455.233231,Greed,76.0,1218.4267,211940.64,1.0,High,0.0
2024-04-10,5207.443414,32.322,41,0.8780487804878049,351735.97,8578.926097560974,0.975609756097561,78.0,Extreme Greed,True,False,184662.676645,Greed,80.0,0.0,57063.840000000004,1.0,High,1.2743429060893734
2024-04-11,389.743164,0.0,16,0.125,76400.96,4775.06,0.875,76.0,Extreme Greed,True,False,185052.419809,Greed,78.0,5207.443414,351735.97,0.0,High,0.09624662821586412
2024-04-12,-592.6458390000001,4.032548,129,0.5503875968992248,442088.59,3427.0433333333335,0.3333333333333333,79.0,Extreme Greed,False,False,184459.77397,Greed,76.0,389.743164,76400.96,1.0,High,-0.30138445452114304
2024-04-13,6621.451755,15.90732,89,0.6853932584269663,486411.25,5465.294943820225,0.5168539325842697,72.0,Greed,True,True,191081.225725,Greed,79.0,-592.6458390000001,442088.59,0.0,Mid-High,2.3080850595914693
2024-04-14,-36104.012520000004,0.0,107,0.308411214953271,659162.17,6160.394112149533,0.42990654205607476,72.0,Greed,False,True,154977.21320499998,Greed,72.0,6621.451755,486411.25,1.0,Mid-High,-2.453576013393347
2024-04-15,3774.08872,14.65548,41,0.8536585365853658,291111.19,7100.272926829269,0.43902439024390244,74.0,Greed,True,False,158751.30192499998,Greed,72.0,-36104.012520000004,659162.17,1.0,Mid-High,0.2536841542194898
2024-04-16,2467.702221,17.7287,47,0.9148936170212766,181907.17,3870.3653191489366,0.6595744680851063,65.0,Greed,True,False,161219.004146,Greed,74.0,3774.08872,291111.19,1.0,Mid-Low,0.16464838611678634
2024-04-17,2441.4683999999997,48.21955,14,0.9285714285714286,97562.99,6968.785000000001,0.9285714285714286,67.0,Greed,True,False,163660.472546,Greed,65.0,2467.702221,181907.17,1.0,Mid-Low,0.1651597817017653
2024-04-19,1946.4454620000001,19.918472,35,0.7714285714285715,337257.92000000004,9635.940571428573,0.14285714285714285,66.0,Greed,True,False,165606.918008,Greed,67.0,2441.4683999999997,97562.99,0.0,Mid-Low,0.13104286826931227
2024-04-20,0.0,0.0,22,0.0,60733.24,2760.601818181818,0.9090909090909091,66.0,Greed,False,True,165606.918008,Greed,66.0,1946.4454620000001,337257.92000000004,0.0,Mid-Low,0.0
2024-04-22,0.0,0.0,9,0.0,47993.61,5332.623333333333,0.0,73.0,Greed,False,False,165606.918008,Greed,66.0,0.0,60733.24,1.0,Mid-High,0.0
2024-04-23,1119.536196,0.07805000000000001,66,0.5303030303030303,233054.9,3531.1348484848486,0.5606060606060606,71.0,Greed,True,False,166726.454204,Greed,73.0,0.0,47993.61,1.0,Mid-High,0.80463040627118
2024-04-24,279.185907,0.0,20,0.3,141275.24,7063.762,0.65,72.0,Greed,True,False,167005.64011100002,Greed,71.0,1119.536196,233054.9,0.0,Mid-High,0.2507696820580978
2024-04-25,0.0,0.0,74,0.0,120241.01,1624.8785135135136,1.0,72.0,Greed,False,False,167005.64011100002,Greed,72.0,279.185907,141275.24,0.0,Mid-High,0.0
2024-04-26,0.0,0.0,3,0.0,4988.290000000001,1662.7633333333335,0.0,70.0,Greed,False,False,167005.64011100002,Greed,72.0,0.0,120241.01,1.0,Mid-High,0.0
2024-04-27,4281.488139,61.458,27,0.7037037037037037,154264.47,5713.498888888889,0.0,67.0,Greed,True,True,171287.12825,Greed,70.0,0.0,4988.290000000001,0.0,Mid-Low,2.703062456444455
2024-04-28,0.0,0.0,58,0.0,43985.6,758.3724137931034,0.0,65.0,Greed,False,True,171287.12825,Greed,67.0,4281.488139,154264.47,1.0,Mid-Low,0.0
2024-04-29,526.9338359999999,0.0,45,0.37777777777777777,108699.01,2415.5335555555553,0.5333333333333333,67.0,Greed,True,False,171814.06208600002,Greed,65.0,0.0,43985.6,0.0,Mid-Low,0.33970978051460227
2024-04-30,0.0,0.0,24,0.0,125018.75,5209.114583333333,1.0,67.0,Greed,False,False,171814.06208600002,Greed,67.0,526.9338359999999,108699.01,0.0,Mid-Low,0.0
2024-05-01,0.0,0.0,14,0.0,87025.45,6216.103571428571,1.0,54.0,Neutral,False,False,171814.06208600002,Neutral,67.0,0.0,125018.75,1.0,Mid-Low,0.0
2024-05-03,5306.017045,0.0,36,0.4722222222222222,282682.64999999997,7852.295833333333,0.08333333333333333,48.0,Neutral,True,False,177120.079131,Neutral,54.0,0.0,87025.45,0.0,Low,2.2922757522750588
2024-05-04,0.0,0.0,9,0.0,58998.75,6555.416666666667,0.0,67.0,Greed,False,True,177120.079131,Greed,48.0,5306.017045,282682.64999999997,1.0,Mid-Low,0.0
2024-05-05,0.916,0.0,6,0.16666666666666666,24068.350000000002,4011.391666666667,0.16666666666666666,69.0,Greed,True,True,177120.995131,Greed,67.0,0.0,58998.75,1.0,Mid-High,0.0004621640174646744
2024-05-06,968.59038,0.0,9,0.4444444444444444,206016.43,22890.714444444442,0.8888888888888888,71.0,Greed,True,False,178089.585511,Greed,69.0,0.916,24068.350000000002,1.0,Mid-High,0.49732204315163825
2024-05-07,883.537693,9.50184,18,0.5,108717.58,6039.865555555556,0.3333333333333333,68.0,Greed,True,False,178973.123204,Greed,71.0,968.59038,206016.43,1.0,Mid-High,0.45574182764867294
2024-05-08,1.56576,0.0,13,0.07692307692307693,65973.57,5074.89,0.9230769230769231,64.0,Greed,True,False,178974.688964,Greed,68.0,883.537693,108717.58,1.0,Mid-Low,0.0008076995167796086
2024-05-09,1147.595856,0.0,28,0.39285714285714285,221966.12,7927.361428571428,0.32142857142857145,55.0,Greed,True,False,180122.28482,Greed,64.0,1.56576,65973.57,1.0,Mid-Low,0.6086712133720406
2024-05-10,2101.741695,0.0,22,0.2727272727272727,156882.0,7131.0,0.7272727272727273,66.0,Greed,True,False,182224.026515,Greed,55.0,1147.595856,221966.12,1.0,Mid-Low,2.6650499895188324
2024-05-11,251.604742,6.001646,9,1.0,63248.95,7027.661111111111,0.0,53.0,Neutral,True,True,182475.631257,Neutral,66.0,2101.741695,156882.0,0.0,Mid-Low,0.33330788983704823
2024-05-12,0.0,0.0,23,0.0,55179.56,2399.111304347826,0.7391304347826086,56.0,Greed,False,True,182475.631257,Greed,53.0,251.604742,63248.95,1.0,Mid-Low,0.0
2024-05-13,2136.853859,0.0,28,0.35714285714285715,193118.9,6897.103571428571,0.17857142857142858,57.0,Greed,True,False,184612.485116,Greed,56.0,0.0,55179.56,1.0,Mid-Low,2.3254924713559677
2024-05-14,1150.5233050000002,0.0,23,0.17391304347826086,145853.4,6341.452173913043,1.0,66.0,Greed,True,False,185763.008421,Greed,57.0,2136.853859,193118.9,1.0,Mid-Low,1.2477498194081464
2024-05-15,948.970582,0.0,36,0.4722222222222222,234922.57,6525.626944444444,0.3055555555555556,64.0,Greed,True,False,186711.97900300001,Greed,66.0,1150.5233050000002,145853.4,1.0,Mid-Low,1.1570867503036875
2024-05-16,214.5898,0.0,27,0.18518518518518517,162620.96,6022.998518518518,0.5185185185185185,70.0,Greed,True,False,186926.568803,Greed,64.0,948.970582,234922.57,1.0,Mid-High,0.24237958883622573
2024-05-18,3522.3946610000003,6.828,25,0.64,126303.14,5052.1256,0.28,73.0,Greed,True,True,190448.963464,Greed,70.0,214.5898,162620.96,0.0,Mid-High,2.7785128445234113
2024-05-19,0.0,0.0,8,0.0,29998.09,3749.76125,1.0,72.0,Greed,False,True,190448.963464,Greed,73.0,3522.3946610000003,126303.14,0.0,Mid-High,0.0
2024-05-20,-74.818442,0.0,10,0.0,38124.75,3812.475,0.7,70.0,Greed,False,False,190374.145022,Greed,72.0,0.0,29998.09,1.0,Mid-High,-0.057001751298140425
2024-05-21,7289.397571999999,0.0,125,0.112,1100948.59,8807.588720000002,0.232,76.0,Extreme Greed,True,False,197663.542594,Greed,70.0,-74.818442,38124.75,0.0,High,2.707662337018221
2024-05-22,0.0,0.0,6,0.0,44995.29,7499.215,0.0,76.0,Extreme Greed,False,False,197663.542594,Greed,76.0,7289.397571999999,1100948.59,1.0,High,0.0
2024-05-23,413.347329,0.0,325,0.4461538461538462,401850.6,1236.4633846153845,0.5815384615384616,76.0,Extreme Greed,True,False,198076.889923,Greed,76.0,0.0,44995.29,1.0,High,0.14719677593735866
2024-05-24,821.949278,410.974639,2,1.0,50811.899999999994,25405.949999999997,0.0,74.0,Greed,True,False,198898.839201,Greed,76.0,413.347329,401850.6,1.0,Mid-High,0.29711758574804004
2024-05-25,14.126038999999999,0.0,16,0.3125,29991.129999999997,1874.4456249999998,0.4375,76.0,Extreme Greed,True,True,198912.96524,Greed,74.0,821.949278,50811.899999999994,1.0,High,0.00523106618021429
2024-05-26,778.6839,0.0,16,0.25,53976.67,3373.541875,0.125,75.0,Extreme Greed,True,True,199691.64914,Greed,76.0,14.126038999999999,29991.129999999997,1.0,High,0.2929577335638221
2024-05-27,1129.35587,0.0,251,0.35856573705179284,151115.72,602.0546613545816,0.3705179282868526,74.0,Greed,True,False,200821.00501,Greed,75.0,778.6839,53976.67,1.0,Mid-High,0.4359137993879084
2024-05-29,277.791953,0.0,164,0.4146341463414634,84268.76,513.8339024390243,0.40853658536585363,72.0,Greed,True,False,201098.796963,Greed,74.0,1129.35587,151115.72,1.0,Mid-High,0.6430310088273145
2024-05-30,20.951433,1.617104,7,0.7142857142857143,2838.09,405.4414285714286,0.7142857142857143,73.0,Greed,True,False,201119.748396,Greed,72.0,277.791953,84268.76,1.0,Mid-High,0.048941416152929934
2024-05-31,25.35812,0.0,13,0.3076923076923077,3636.14,279.70307692307694,0.3076923076923077,73.0,Greed,True,False,201145.106516,Greed,73.0,20.951433,2838.09,1.0,Mid-High,0.054667683218748146
2024-06-01,91.510419,0.0,25,0.36,12834.62,513.3848,0.36,72.0,Greed,True,True,201236.616935,Greed,73.0,25.35812,3636.14,1.0,Mid-High,0.20566529437520323
2024-06-02,192.906947,0.0,93,0.3655913978494624,29464.51,316.822688172043,0.3655913978494624,73.0,Greed,True,True,201429.523882,Greed,72.0,91.510419,12834.62,1.0,Mid-High,0.45034793657247646
2024-06-03,562.808208,4.63499,70,0.6285714285714286,21466.86,306.66942857142857,0.6285714285714286,73.0,Greed,True,False,201992.33209,Greed,73.0,192.906947,29464.51,1.0,Mid-High,1.4071141658543298
2024-06-04,52.211438,0.0,53,0.4716981132075472,24243.41,457.42283018867926,0.4716981132075472,73.0,Greed,True,False,202044.543528,Greed,73.0,562.808208,21466.86,1.0,Mid-High,0.26698967501731224
2024-06-05,56.055506,0.0,54,0.2962962962962963,25350.77,469.4587037037037,0.3148148148148148,75.0,Extreme Greed,True,False,202100.599034,Greed,73.0,52.211438,24243.41,1.0,High,0.28888061238996854
2024-06-06,274.173187,0.0,234,0.42735042735042733,137557.76,587.8536752136753,0.4358974358974359,78.0,Extreme Greed,True,False,202374.77222100002,Greed,75.0,56.055506,25350.77,1.0,High,1.4350538574347917
2024-06-07,8902.467416,0.0,440,0.4,1098588.76,2496.7926363636366,0.4113636363636364,77.0,Extreme Greed,True,False,211277.23963700002,Greed,78.0,274.173187,137557.76,1.0,High,2.7041070803770393
2024-06-08,129.13883900000002,0.0,29,0.27586206896551724,97351.88,3356.961379310345,0.7241379310344828,72.0,Greed,True,True,211406.378476,Greed,77.0,8902.467416,1098588.76,0.0,Mid-High,0.03925611462755676
2024-06-09,0.0,0.0,17,0.0,22410.22,1318.2482352941176,1.0,75.0,Extreme Greed,False,True,211406.378476,Greed,72.0,129.13883900000002,97351.88,1.0,High,0.0
2024-06-10,31.266804999999998,0.0,53,0.33962264150943394,46587.93,879.0175471698113,0.41509433962264153,72.0,Greed,True,False,211437.645281,Greed,75.0,0.0,22410.22,1.0,Mid-High,0.00938418757700559
2024-06-11,4320.631811,0.0,123,0.13821138211382114,373279.92,3034.7960975609753,0.926829268292683,74.0,Greed,True,False,215758.277092,Greed,72.0,31.266804999999998,46587.93,0.0,Mid-High,1.254677294512851
2024-06-12,-21886.531493,0.0,254,0.08267716535433071,193407.96,761.4486614173228,0.452755905511811,72.0,Greed,False,False,193871.74559900002,Greed,74.0,4320.631811,373279.92,1.0,Mid-High,-2.2507261612518867
2024-06-13,6632.757115,0.0,79,0.24050632911392406,132577.22,1678.1926582278481,0.9620253164556962,70.0,Greed,True,False,200504.502714,Greed,72.0,-21886.531493,193407.96,1.0,Mid-High,0.6522515378349435
2024-06-14,10258.592609,0.0,31,0.4838709677419355,139868.66,4511.892258064517,1.0,74.0,Greed,True,False,210763.095323,Greed,70.0,6632.757115,132577.22,1.0,Mid-High,0.987972294150465
2024-06-15,3369.958346,0.0,78,0.48717948717948717,718350.25,9209.61858974359,0.11538461538461539,74.0,Greed,True,True,214133.053669,Greed,74.0,10258.592609,139868.66,0.0,Mid-High,0.3219928001725512
2024-06-16,0.0,0.0,11,0.0,25235.079999999998,2294.0981818181817,0.0,71.0,Greed,False,True,214133.053669,Greed,74.0,3369.958346,718350.25,1.0,Mid-High,0.0
2024-06-17,10599.502375,144.121501,38,0.6578947368421053,368380.12,9694.213684210526,0.8421052631578947,71.0,Greed,True,False,224732.556044,Greed,71.0,0.0,25235.079999999998,1.0,Mid-High,0.9509845960778074
2024-06-18,282.57636,0.0,25,0.16,263314.79,10532.5916,0.84,74.0,Greed,True,False,225015.132404,Greed,71.0,10599.502375,368380.12,1.0,Mid-High,0.02544808810737731
2024-06-19,4887.656944,0.399945,61,0.5081967213114754,417071.12,6837.231475409836,0.04918032786885246,64.0,Greed,True,False,229902.789348,Greed,74.0,282.57636,263314.79,1.0,Mid-Low,1.1340861659348698
2024-06-20,57478.456026,0.0,39,0.20512820512820512,207990.8,5333.097435897435,0.0,60.0,Greed,True,False,287381.245374,Greed,64.0,4887.656944,417071.12,1.0,Mid-Low,2.8280659114979882
2024-06-21,773.5582039999999,0.0,80,0.0375,176264.49,2203.306125,0.85,63.0,Greed,True,False,288154.803578,Greed,60.0,57478.456026,207990.8,1.0,Mid-Low,0.0371862379207716
2024-06-22,756.876565,0.0,24,0.3333333333333333,169594.27000000002,7066.427916666667,0.16666666666666666,53.0,Neutral,True,True,288911.680143,Neutral,63.0,773.5582039999999,176264.49,0.0,Mid-Low,0.03606609374659205
2024-06-23,0.0,0.0,5,0.0,1792.12,358.424,0.0,55.0,Greed,False,True,288911.680143,Greed,53.0,756.876565,169594.27000000002,0.0,Mid-Low,0.0
2024-06-24,0.0,0.0,31,0.0,403002.8,13000.090322580645,0.8064516129032258,51.0,Neutral,False,False,288911.680143,Neutral,55.0,0.0,1792.12,1.0,Mid-Low,0.0
2024-06-25,4869.353105,0.0,49,0.22448979591836735,103099.08,2104.062857142857,0.22448979591836735,30.0,Fear,True,False,293781.03324799996,Fear,51.0,0.0,403002.8,1.0,Low,0.23052712291132701
2024-06-26,4197.732182,0.0,72,0.2916666666666667,365190.66000000003,5072.092500000001,0.5694444444444444,46.0,Neutral,True,False,297978.76542999997,Neutral,30.0,4869.353105,103099.08,0.0,Low,0.19846352598279587
2024-06-27,0.0,0.0,30,0.0,130486.95,4349.565,0.4,40.0,Fear,False,False,297978.76542999997,Fear,46.0,4197.732182,365190.66000000003,1.0,Low,0.0
2024-06-29,6150.326145,0.0,75,0.32,280095.11,3734.6014666666665,0.4666666666666667,30.0,Fear,True,True,304129.09157499997,Fear,40.0,0.0,130486.95,0.0,Low,2.2900526452688528
2024-06-30,0.0,0.0,14,0.0,30520.69,2180.049285714286,0.35714285714285715,47.0,Neutral,False,True,304129.09157499997,Neutral,30.0,6150.326145,280095.11,1.0,Low,0.0
2024-07-01,5065.839308,0.0,64,0.40625,362670.14999999997,5666.721093749999,0.09375,53.0,Neutral,True,False,309194.93088299996,Neutral,47.0,0.0,30520.69,1.0,Mid-Low,1.8286143288383236
2024-07-02,2421.253116,10.35,18,0.7222222222222222,33347.47,1852.6372222222224,0.7222222222222222,51.0,Neutral,True,False,311616.18399899994,Neutral,53.0,5065.839308,362670.14999999997,1.0,Mid-Low,0.9744809397561461
2024-07-03,1118.387284,0.0,18,0.2222222222222222,179600.66,9977.814444444444,1.0,50.0,Neutral,True,False,312734.57128299994,Neutral,51.0,2421.253116,33347.47,0.0,Mid-Low,0.4509532236567135
2024-07-04,0.0,0.0,25,0.0,430568.01,17222.720400000002,1.0,44.0,Fear,False,False,312734.57128299994,Fear,50.0,1118.387284,179600.66,0.0,Low,0.0
2024-07-05,0.0,0.0,32,0.0,272289.89,8509.0590625,1.0,29.0,Fear,False,False,312734.57128299994,Fear,44.0,0.0,430568.01,1.0,Low,0.0
2024-07-06,108.87217799999999,0.0,24,0.2916666666666667,2490.17,103.75708333333334,0.7083333333333334,26.0,Fear,True,True,312843.44346099993,Fear,29.0,0.0,272289.89,1.0,Low,0.05693527005623851
2024-07-07,61.428942,4.9143155,10,1.0,498.75,49.875,0.0,29.0,Fear,True,True,312904.87240299996,Fear,26.0,108.87217799999999,2490.17,0.0,Low,0.03223475601875962
2024-07-08,0.0,0.0,1,0.0,497.64,497.64,1.0,28.0,Fear,False,False,312904.87240299996,Fear,29.0,61.428942,498.75,1.0,Low,0.0
2024-07-09,648.984412,37.164306,15,1.0,2736.45,182.42999999999998,0.0,27.0,Fear,True,False,313553.85681499995,Fear,28.0,0.0,497.64,1.0,Low,1.4815930252917953
2024-07-10,11977.734907,59.449220999999994,56,0.6785714285714286,687900.21,12283.93232142857,0.17857142857142858,28.0,Fear,True,False,325531.5917219999,Fear,27.0,648.984412,2736.45,1.0,Low,2.6726504547760324
2024-07-11,1876.812082,0.0,19,0.47368421052631576,169887.02,8941.422105263156,0.5263157894736842,29.0,Fear,True,False,327408.40380399994,Fear,28.0,11977.734907,687900.21,1.0,Low,0.42562370357034657
2024-07-12,1412.314654,0.0,19,0.47368421052631576,89582.97,4714.893157894737,1.0,25.0,Fear,True,False,328820.71845799993,Fear,29.0,1876.812082,169887.02,1.0,Low,0.32622724595028724
2024-07-13,2913.617837,105.890838,17,1.0,139189.19,8187.599411764706,0.0,25.0,Fear,True,True,331734.3362949999,Fear,25.0,1412.314654,89582.97,0.0,Low,0.6902173734750422
2024-07-14,0.0,0.0,7,0.0,84001.13,12000.16142857143,0.0,33.0,Fear,False,True,331734.3362949999,Fear,25.0,2913.617837,139189.19,0.0,Low,0.0
2024-07-15,-1.0,0.0,26,0.0,198344.85,7628.6480769230775,0.07692307692307693,52.0,Neutral,False,False,331733.3362949999,Neutral,33.0,0.0,84001.13,0.0,Mid-Low,-0.00023652594599941638
2024-07-16,0.0,0.0,22,0.0,144000.57,6545.480454545454,0.0,65.0,Greed,False,False,331733.3362949999,Greed,52.0,-1.0,198344.85,1.0,Mid-Low,0.0
2024-07-17,1859.269477,0.0,351,0.4131054131054131,626005.53,1783.4915384615385,0.4415954415954416,69.0,Greed,True,False,333592.6057719999,Greed,65.0,0.0,144000.57,1.0,Mid-High,1.5923349371926734
2024-07-18,3803.884311,19.3456475,60,0.8,649704.85,10828.414166666666,1.0,61.0,Greed,True,False,337396.4900829999,Greed,69.0,1859.269477,626005.53,1.0,Mid-Low,2.476246661403206
2024-07-19,2155.891114,12.29371,23,0.5217391304347826,150269.42,6533.453043478262,0.043478260869565216,60.0,Greed,True,False,339552.3811969999,Greed,61.0,3803.884311,649704.85,1.0,Mid-Low,1.3815463077045642
2024-07-20,2299.169566,0.0,266,0.12406015037593984,244362.21,918.65492481203,0.15413533834586465,74.0,Greed,True,True,341851.5507629999,Greed,60.0,2155.891114,150269.42,0.0,Mid-High,1.5478797491745475
2024-07-21,-2960.716887,0.0,448,0.046875,234307.46,523.0077232142856,0.5334821428571429,74.0,Greed,False,True,338890.8338759999,Greed,74.0,2299.169566,244362.21,1.0,Mid-High,-1.339571651722788
2024-07-22,1517.119876,-1.8459855,154,0.14285714285714285,304213.8,1975.4142857142856,0.6688311688311688,70.0,Greed,True,False,340407.9537519999,Greed,74.0,-2960.716887,234307.46,1.0,Mid-High,0.7000670064465165
2024-07-23,89890.302206,38.355177,370,0.8891891891891892,358526.54,968.9906486486486,0.37027027027027026,71.0,Greed,True,False,430298.25595799985,Greed,70.0,1517.119876,304213.8,1.0,Mid-High,2.6837248691844113
2024-07-24,625.561479,0.0,90,0.2,69207.93,768.977,0.6,69.0,Greed,True,False,430923.8174369999,Greed,71.0,89890.302206,358526.54,1.0,Mid-High,0.018632993800934708
2024-07-25,916.7382600000001,0.0,78,0.1282051282051282,528555.31,6776.350128205129,0.9871794871794872,68.0,Greed,True,False,431840.5556969999,Greed,69.0,625.561479,69207.93,1.0,Mid-High,0.02717477604267777
2024-07-26,2766.513113,0.0,152,0.40131578947368424,548587.65,3609.1292763157894,0.28289473684210525,68.0,Greed,True,False,434607.0688099999,Greed,68.0,916.7382600000001,528555.31,1.0,Mid-High,0.08208879386825582
2024-07-27,6400.623656,41.72143,57,0.7368421052631579,905199.75,15880.697368421053,0.15789473684210525,72.0,Greed,True,True,441007.6924659999,Greed,68.0,2766.513113,548587.65,1.0,Mid-High,0.19101908173459034
2024-07-28,587.29903,36.338475,16,0.75,43254.68,2703.4175,0.9375,71.0,Greed,True,True,441594.9914959999,Greed,72.0,6400.623656,905199.75,1.0,Mid-High,0.017673104428010657
2024-07-29,330.80445399999996,0.0,39,0.41025641025641024,327199.14,8389.72153846154,0.46153846153846156,74.0,Greed,True,False,441925.79594999994,Greed,71.0,587.29903,43254.68,0.0,Mid-High,0.009930361939384293
2024-07-30,0.0,0.0,6,0.0,36006.47,6001.078333333334,1.0,67.0,Greed,False,False,441925.79594999994,Greed,74.0,330.80445399999996,327199.14,1.0,Mid-Low,0.0
2024-07-31,765.690884,0.0,43,0.32558139534883723,84506.54,1965.2683720930231,0.3953488372093023,61.0,Greed,True,False,442691.4868339999,Greed,67.0,0.0,36006.47,1.0,Mid-Low,0.338390519446804
2024-08-01,167.080017,0.0,57,0.07017543859649122,227774.53,3996.044385964912,0.8245614035087719,52.0,Neutral,True,False,442858.5668509999,Neutral,61.0,765.690884,84506.54,1.0,Mid-Low,0.07195782435192796
2024-08-02,782.3681909999999,0.0,63,0.2698412698412698,396320.37,6290.799523809524,0.6666666666666666,57.0,Greed,True,False,443640.9350419999,Greed,52.0,167.080017,227774.53,1.0,Mid-Low,0.34425188673327883
2024-08-03,464.1897,0.0,37,0.02702702702702703,290532.86,7852.239459459459,0.972972972972973,37.0,Fear,True,True,444105.1247419999,Fear,57.0,782.3681909999999,396320.37,0.0,Low,1.568443794162464
2024-08-04,-122672.000883,0.0,127,0.023622047244094488,1207744.07,9509.795826771655,0.47244094488188976,34.0,Fear,False,True,321433.1238589999,Fear,37.0,464.1897,290532.86,0.0,Low,-2.6367081505983134
2024-08-05,-13013.665169,0.0,80,0.4125,420495.4,5256.1925,0.5125,26.0,Fear,False,False,308419.45868999994,Fear,34.0,-122672.000883,1207744.07,1.0,Low,-0.2831630431265849
2024-08-06,267.318048,0.0,107,0.12149532710280374,61478.38,574.5642990654205,0.7102803738317757,17.0,Extreme Fear,True,False,308686.7767379999,Fear,26.0,-13013.665169,420495.4,1.0,Low,0.005814194108199877
2024-08-07,188.789255,0.0,33,0.30303030303030304,2492.77,75.53848484848484,0.36363636363636365,29.0,Fear,True,False,308875.56599299994,Fear,17.0,267.318048,61478.38,0.0,Low,0.004109841810608938
2024-08-08,-40.712216999999995,0.0,9,0.0,16299.35,1811.038888888889,0.5555555555555556,20.0,Extreme Fear,False,False,308834.8537759999,Fear,29.0,188.789255,2492.77,1.0,Low,-0.0008865626790190767
2024-08-09,18082.071276,0.0,144,0.2986111111111111,503204.86,3494.4781944444444,0.375,48.0,Neutral,True,False,326916.9250519999,Neutral,20.0,-40.712216999999995,16299.35,0.0,Low,0.37981755555338703
2024-08-10,0.0,0.0,88,0.0,11339.29,128.8555681818182,0.9886363636363636,40.0,Fear,False,True,326916.9250519999,Fear,48.0,18082.071276,503204.86,1.0,Low,0.0
2024-08-11,847.7766200000001,0.0,24,0.16666666666666666,44230.21,1842.9254166666667,0.6666666666666666,39.0,Fear,True,True,327764.70167199994,Fear,40.0,0.0,11339.29,1.0,Low,0.09367675696180565
2024-08-12,858.6705000000001,0.0,48,0.125,54167.32,1128.4858333333334,0.8125,25.0,Fear,True,False,328623.37217199994,Fear,39.0,847.7766200000001,44230.21,1.0,Low,0.12795279754231206
2024-08-13,212.08102,0.0,23,0.34782608695652173,20797.87,904.2552173913043,0.8695652173913043,31.0,Fear,True,False,328835.4531919999,Fear,25.0,858.6705000000001,54167.32,1.0,Low,0.03158570415920832
2024-08-14,2168.9015130000003,0.0,25,0.2,66710.03,2668.4012,0.76,30.0,Fear,True,False,331004.35470499995,Fear,31.0,212.08102,20797.87,0.0,Low,0.327462441734092
2024-08-15,0.0,0.0,12,0.0,1522.3700000000001,126.86416666666668,1.0,29.0,Fear,False,False,331004.35470499995,Fear,30.0,2168.9015130000003,66710.03,1.0,Low,0.0
2024-08-16,825.230544,0.0,35,0.08571428571428572,166382.84,4753.795428571429,0.9142857142857143,27.0,Fear,True,False,331829.58524899994,Fear,29.0,0.0,1522.3700000000001,0.0,Low,1.0901143295844467
2024-08-17,-288.283113,0.0,30,0.0,30248.96,1008.2986666666667,0.9666666666666667,25.0,Fear,False,True,331541.30213599995,Fear,27.0,825.230544,166382.84,1.0,Low,-0.3569181520389575
2024-08-18,307.201888,8.270808,15,0.8,62804.48,4186.965333333334,0.0,31.0,Fear,True,True,331848.50402399997,Fear,25.0,-288.283113,30248.96,1.0,Low,0.3780238421546397
2024-08-19,339.69958299999996,14.0197665,8,0.625,100315.03,12539.37875,0.375,28.0,Fear,True,False,332188.20360699994,Fear,31.0,307.201888,62804.48,1.0,Low,0.42093759837771205
2024-08-20,192.602844,0.0,12,0.08333333333333333,49914.8,4159.566666666667,0.4166666666666667,30.0,Fear,True,False,332380.8064509999,Fear,28.0,339.69958299999996,100315.03,1.0,Low,0.23830051700471597
2024-08-21,656.200925,0.0,145,0.3724137931034483,104990.41,724.0717931034483,0.38620689655172413,26.0,Fear,True,False,333037.00737599994,Fear,30.0,192.602844,49914.8,1.0,Low,1.7420540108515483
2024-08-23,1005.30527,0.0,10,0.3,63509.56,6350.956,0.0,34.0,Fear,True,False,334042.31264599995,Fear,26.0,656.200925,104990.41,0.0,Low,2.3126664358137723
2024-08-24,0.0,0.0,7,0.0,34999.67,4999.952857142857,0.0,56.0,Greed,False,True,334042.31264599995,Greed,34.0,1005.30527,63509.56,0.0,Mid-Low,0.0
2024-08-25,0.0,0.0,17,0.0,21950.28,1291.1929411764704,0.47058823529411764,54.0,Neutral,False,True,334042.31264599995,Neutral,56.0,0.0,34999.67,1.0,Mid-Low,0.0
2024-08-26,231.236918,0.0,6,0.3333333333333333,92611.27,15435.211666666668,1.0,55.0,Greed,True,False,334273.5495639999,Greed,54.0,0.0,21950.28,0.0,Mid-Low,0.6304847582782052
2024-08-27,0.0,0.0,50,0.0,70250.16,1405.0032,0.98,48.0,Neutral,False,False,334273.5495639999,Neutral,55.0,231.236918,92611.27,1.0,Low,0.0
2024-08-28,1333.359645,0.0,9,0.2222222222222222,71160.06999999999,7906.674444444444,1.0,30.0,Fear,True,False,335606.90920899995,Fear,48.0,0.0,70250.16,0.0,Low,2.4440730994848003
2024-08-29,0.0,0.0,1,0.0,9995.85,9995.85,0.0,29.0,Fear,False,False,335606.90920899995,Fear,30.0,1333.359645,71160.06999999999,1.0,Low,0.0
2024-08-30,256.464,0.0,6,0.16666666666666666,37233.24,6205.54,0.6666666666666666,34.0,Fear,True,False,335863.3732089999,Fear,29.0,0.0,9995.85,1.0,Low,0.5265597033327588
2024-08-31,10.882801,0.0,34,0.35294117647058826,107507.43000000001,3161.983235294118,0.3235294117647059,29.0,Fear,True,True,335874.25600999995,Fear,34.0,256.464,37233.24,1.0,Low,0.02238782631517747
2024-09-01,137.433093,0.0,12,0.4166666666666667,12359.68,1029.9733333333334,0.5833333333333334,26.0,Fear,True,True,336011.689103,Fear,29.0,10.882801,107507.43000000001,0.0,Low,0.2884514905756243
2024-09-02,0.0,0.0,2,0.0,30000.42,15000.21,1.0,26.0,Fear,False,False,336011.689103,Fear,26.0,137.433093,12359.68,1.0,Low,0.0
2024-09-04,1065.785132,0.0,34,0.14705882352941177,131480.97,3867.0873529411765,0.9117647058823529,27.0,Fear,True,False,337077.474235,Fear,26.0,0.0,30000.42,0.0,Low,1.906339190794491
2024-09-05,0.0,0.0,1,0.0,0.84,0.84,0.0,29.0,Fear,False,False,337077.474235,Fear,27.0,1065.785132,131480.97,0.0,Low,0.0
2024-09-06,-1104.856765,-24.855381,42,0.0,39047.1,929.6928571428571,0.09523809523809523,22.0,Extreme Fear,False,False,335972.61747,Fear,29.0,0.0,0.84,0.0,Low,-1.7388791310432699
2024-09-08,0.0,0.0,1,0.0,0.11,0.11,0.0,29.0,Fear,False,True,335972.61747,Fear,22.0,-1104.856765,39047.1,0.0,Low,0.0
2024-09-09,0.0,0.0,2,0.0,4014.4300000000003,2007.2150000000001,1.0,26.0,Fear,False,False,335972.61747,Fear,29.0,0.0,0.11,0.0,Low,0.0
2024-09-10,-219.729659,-37.697891,3,0.0,2547.28,849.0933333333334,0.3333333333333333,33.0,Fear,False,False,335752.887811,Fear,26.0,0.0,4014.4300000000003,0.0,Low,-0.3477623848241379
2024-09-11,0.0,0.0,1,0.0,0.54,0.54,0.0,37.0,Fear,False,False,335752.887811,Fear,33.0,-219.729659,2547.28,0.0,Low,0.0
2024-09-14,0.0,0.0,11,0.0,1014.8000000000001,92.25454545454546,0.9090909090909091,50.0,Neutral,False,True,335752.887811,Neutral,37.0,0.0,0.54,0.0,Mid-Low,0.0
2024-09-18,-878.684794,-5.504981,145,0.0,13633.5,94.02413793103449,0.07586206896551724,45.0,Neutral,False,False,334874.203017,Neutral,50.0,0.0,1014.8000000000001,0.0,Low,-1.8540856950777556
2024-09-19,0.0,0.0,19,0.0,1521.8700000000001,80.09842105263158,1.0,49.0,Neutral,False,False,334874.203017,Neutral,45.0,-878.684794,13633.5,1.0,Mid-Low,0.0
2024-09-20,9585.03428,34.911835,16,0.5,332873.38,20804.58625,0.1875,54.0,Neutral,True,False,344459.237297,Neutral,49.0,0.0,1521.8700000000001,1.0,Mid-Low,2.5863922044026926
2024-09-21,36165.56933,1147.561968,23,1.0,165648.12,7202.092173913044,0.0,54.0,Neutral,True,True,380624.806627,Neutral,54.0,9585.03428,332873.38,0.0,Mid-Low,2.652013356708547
2024-09-22,0.0,0.0,3,0.0,19999.739999999998,6666.579999999999,1.0,52.0,Neutral,False,True,380624.806627,Neutral,54.0,36165.56933,165648.12,1.0,Mid-Low,0.0
2024-09-23,334.760796,167.380398,2,0.5,40334.29,20167.145,0.5,50.0,Neutral,True,False,380959.567423,Neutral,52.0,0.0,19999.739999999998,0.0,Mid-Low,0.024625902987393353
2024-09-24,0.0,0.0,10,0.0,7118.63,711.863,0.9,54.0,Neutral,False,False,380959.567423,Neutral,50.0,334.760796,40334.29,0.0,Mid-Low,0.0
2024-09-25,0.0,0.0,9,0.0,52754.130000000005,5861.570000000001,0.6666666666666666,59.0,Greed,False,False,380959.567423,Greed,54.0,0.0,7118.63,1.0,Mid-Low,0.0
2024-09-26,439.812513,0.0,8,0.25,113711.93000000001,14213.991250000001,0.0,50.0,Neutral,True,False,381399.379936,Neutral,59.0,0.0,52754.130000000005,0.0,Mid-Low,0.032617514620398136
2024-09-27,0.0,0.0,56,0.0,126097.04,2251.732857142857,0.0,61.0,Greed,False,False,381399.379936,Greed,50.0,439.812513,113711.93000000001,0.0,Mid-Low,0.0
2024-09-28,0.0,0.0,4,0.0,29199.21,7299.8025,0.0,64.0,Greed,False,True,381399.379936,Greed,61.0,0.0,126097.04,1.0,Mid-Low,0.0
2024-09-30,2710.626288,0.0,106,0.04716981132075472,214669.85,2025.1872641509435,0.09433962264150944,61.0,Greed,True,False,384110.006224,Greed,64.0,0.0,29199.21,0.0,Mid-Low,2.729395410069249
2024-10-01,0.0,0.0,4,0.0,139954.32,34988.58,1.0,50.0,Neutral,False,False,384110.006224,Neutral,61.0,2710.626288,214669.85,0.0,Mid-Low,0.0
2024-10-02,0.0,0.0,4,0.0,99954.34,24988.585,1.0,42.0,Fear,False,False,384110.006224,Fear,50.0,0.0,139954.32,1.0,Low,0.0
2024-10-03,100.375782,0.0,9,0.3333333333333333,132935.69,14770.632222222222,0.6666666666666666,37.0,Fear,True,False,384210.382006,Fear,42.0,0.0,99954.34,0.0,Low,0.10003192844129268
2024-10-04,0.0,0.0,1,0.0,0.34,0.34,0.0,41.0,Fear,False,False,384210.382006,Fear,37.0,100.375782,132935.69,1.0,Low,0.0
2024-10-05,5767.161892,39.480396,37,0.6486486486486487,605605.74,16367.722702702702,0.24324324324324326,49.0,Neutral,True,True,389977.54389800003,Neutral,41.0,0.0,0.34,1.0,Mid-Low,2.574625916378785
2024-10-06,130.487079,0.0,22,0.22727272727272727,300130.56,13642.298181818182,0.2727272727272727,50.0,Neutral,True,True,390108.030977,Neutral,49.0,5767.161892,605605.74,0.0,Mid-Low,0.058550717677547645
2024-10-07,0.0,0.0,21,0.0,219984.65,10475.459523809524,0.0,50.0,Neutral,False,False,390108.030977,Neutral,50.0,130.487079,300130.56,1.0,Mid-Low,0.0
2024-10-08,5396.546638,29.615628,36,0.9166666666666666,434584.13,12071.781388888889,0.9444444444444444,49.0,Neutral,True,False,395504.577615,Neutral,50.0,0.0,219984.65,1.0,Mid-Low,1.9959407950057588
2024-10-09,396.06272,0.0,14,0.21428571428571427,220399.93,15742.852142857142,0.7857142857142857,49.0,Neutral,True,False,395900.640335,Neutral,49.0,5396.546638,434584.13,0.0,Mid-Low,0.1484534124720254
2024-10-10,0.0,0.0,16,0.0,300024.33999999997,18751.521249999998,1.0,39.0,Fear,False,False,395900.640335,Fear,49.0,396.06272,220399.93,1.0,Low,0.0
2024-10-11,8885.327477,232.8029795,26,0.6923076923076923,488904.19,18804.007307692307,0.0,32.0,Fear,True,False,404785.967812,Fear,39.0,0.0,300024.33999999997,1.0,Low,2.4178834315885074
2024-10-12,541.55471,20.7155355,10,0.7,159713.4,15971.34,0.7,49.0,Neutral,True,True,405327.522522,Neutral,32.0,8885.327477,488904.19,0.0,Mid-Low,0.15329885097946963
2024-10-13,0.0,0.0,10,0.0,60002.42,6000.242,1.0,50.0,Neutral,False,True,405327.522522,Neutral,49.0,541.55471,159713.4,1.0,Mid-Low,0.0
2024-10-14,1913.61958,43.747165,5,1.0,61916.020000000004,12383.204000000002,0.0,48.0,Neutral,True,False,407241.142102,Neutral,50.0,0.0,60002.42,1.0,Low,0.5592564053666257
2024-10-15,1170.2260760000001,11.821311,7,0.5714285714285714,81173.36,11596.194285714286,0.42857142857142855,65.0,Greed,True,False,408411.36817800003,Greed,48.0,1913.61958,61916.020000000004,1.0,Mid-Low,0.3681222386720562
2024-10-16,219.480876,0.0,11,0.2727272727272727,80229.17,7293.560909090909,0.7272727272727273,73.0,Greed,True,False,408630.84905400005,Greed,65.0,1170.2260760000001,81173.36,1.0,Mid-High,0.06873858832312096
2024-10-17,36.11496,0.0,9,0.1111111111111111,140531.75,15614.638888888889,0.7777777777777778,71.0,Greed,True,False,408666.964014,Greed,73.0,219.480876,80229.17,1.0,Mid-High,0.011322801310852474
2024-10-18,333.219141,51.8558325,6,0.8333333333333334,120331.43000000001,20055.238333333335,0.16666666666666666,73.0,Greed,True,False,409000.18315500004,Greed,71.0,36.11496,140531.75,0.0,Mid-High,0.47537501373205027
2024-10-19,0.0,0.0,4,0.0,99996.86,24999.215,1.0,72.0,Greed,False,True,409000.18315500004,Greed,73.0,333.219141,120331.43000000001,1.0,Mid-High,0.0
2024-10-20,389.155797,0.0,96,0.11458333333333333,176447.86000000002,1837.9985416666668,0.07291666666666667,73.0,Greed,True,True,409389.338952,Greed,72.0,0.0,99996.86,1.0,Mid-High,0.5515997542423582
2024-10-21,2464.915564,0.0,173,0.3930635838150289,324117.99,1873.5143930635838,0.45664739884393063,72.0,Greed,True,False,411854.25451600004,Greed,73.0,389.155797,176447.86000000002,0.0,Mid-High,2.7799772036214025
2024-10-22,0.0,0.0,3,0.0,60000.36,20000.12,1.0,70.0,Greed,False,False,411854.25451600004,Greed,72.0,2464.915564,324117.99,0.0,Mid-High,0.0
2024-10-23,-46.489941,0.0,18,0.0,210006.07,11667.003888888888,0.8333333333333334,71.0,Greed,False,False,411807.76457500004,Greed,70.0,0.0,60000.36,1.0,Mid-High,-0.05144461758987522
2024-10-25,13235.862071,61.1408675,30,0.7,427883.18,14262.772666666666,0.4666666666666667,72.0,Greed,True,False,425043.626646,Greed,71.0,-46.489941,210006.07,1.0,Mid-High,2.709154304911973
2024-10-27,666.6623079999999,30.289636,4,0.75,90664.41,22666.1025,0.0,74.0,Greed,True,True,425710.28895400005,Greed,72.0,13235.862071,427883.18,1.0,Mid-High,0.1370502460207159
2024-10-28,167.28016200000002,0.0,13,0.3076923076923077,121495.25,9345.788461538461,0.0,72.0,Greed,True,False,425877.569116,Greed,74.0,666.6623079999999,90664.41,1.0,Mid-High,0.0344831120981275
2024-10-29,801.170876,0.0,53,0.05660377358490566,613267.8099999999,11571.09075471698,0.05660377358490566,72.0,Greed,True,False,426678.73999200005,Greed,72.0,167.28016200000002,121495.25,1.0,Mid-High,0.16604980752674486
2024-10-30,9.150023,0.0,25,0.28,11830.85,473.23400000000004,0.32,77.0,Extreme Greed,True,False,426687.89001500007,Greed,72.0,801.170876,613267.8099999999,1.0,High,0.0018621190083543773
2024-10-31,1214.043811,19.0994085,48,0.7083333333333334,896173.36,18670.278333333332,0.875,77.0,Extreme Greed,True,False,427901.9338260001,Greed,77.0,9.150023,11830.85,1.0,High,0.2504480877470558
2024-11-01,1040.475736,0.0,23,0.2608695652173913,260981.03,11347.001304347827,0.5652173913043478,75.0,Extreme Greed,True,False,428942.4095620001,Greed,77.0,1214.043811,896173.36,0.0,High,0.21781084171703402
2024-11-02,0.0,0.0,2,0.0,40000.0,20000.0,1.0,72.0,Greed,False,True,428942.4095620001,Greed,75.0,1040.475736,260981.03,0.0,Mid-High,0.0
2024-11-03,0.0,0.0,6,0.0,129055.66,21509.27666666667,1.0,74.0,Greed,False,True,428942.4095620001,Greed,72.0,0.0,40000.0,1.0,Mid-High,0.0
2024-11-04,2799.410474,29.134382,36,0.6388888888888888,451811.97,12550.332499999999,0.3611111111111111,70.0,Greed,True,False,431741.82003600005,Greed,74.0,0.0,129055.66,1.0,Mid-High,2.7712922562654163
2024-11-05,678.4759280000001,10.511846,10,0.5,200627.23,20062.723,0.5,70.0,Greed,True,False,432420.29596400005,Greed,70.0,2799.410474,451811.97,1.0,Mid-High,0.6704641308080667
2024-11-06,2817.83723,0.0,15,0.4666666666666667,123906.9,8260.46,0.4,70.0,Greed,True,False,435238.13319400005,Greed,70.0,678.4759280000001,200627.23,1.0,Mid-High,2.3886383243322697
2024-11-07,4493.353136,3.894186,113,0.5309734513274337,111335.3,985.2681415929204,0.4690265486725664,77.0,Extreme Greed,True,False,439731.48633000004,Greed,70.0,2817.83723,123906.9,0.0,High,2.6296215897666797
2024-11-08,-64.41354100000007,0.0,39,0.15384615384615385,270700.44,6941.036923076923,0.5897435897435898,75.0,Extreme Greed,False,False,439667.07278900006,Greed,77.0,4493.353136,111335.3,1.0,High,-0.03528039082615568
2024-11-09,102.90894,0.0,86,0.22093023255813954,193384.41,2248.655930232558,0.6162790697674418,75.0,Extreme Greed,True,True,439769.98172900005,Greed,75.0,-64.41354100000007,270700.44,1.0,High,0.05680153780046616
2024-11-10,991.114334,0.0,173,0.2947976878612717,413636.7,2390.963583815029,0.2774566473988439,78.0,Extreme Greed,True,True,440761.09606300003,Greed,75.0,102.90894,193384.41,1.0,High,0.5808347711668328
2024-11-11,6749.630996,0.0,373,0.24664879356568364,1570572.42,4210.649919571046,0.2520107238605898,76.0,Extreme Greed,True,False,447510.72705900006,Greed,78.0,991.114334,413636.7,1.0,High,2.6265378823115313
2024-11-12,3494.399394,0.0,171,0.19883040935672514,1226354.52,7171.663859649123,0.5730994152046783,80.0,Extreme Greed,True,False,451005.12645300006,Greed,76.0,6749.630996,1570572.42,1.0,High,1.396762883430076
2024-11-13,7846.402274,11.65871,48,0.5625,515336.37,10736.174375,0.3333333333333333,84.0,Extreme Greed,True,False,458851.52872700006,Greed,80.0,3494.399394,1226354.52,1.0,High,2.463543947108945
2024-11-14,4563.509225,0.0,110,0.2545454545454545,1008361.81,9166.925545454545,0.7454545454545455,88.0,Extreme Greed,True,False,463415.03795200004,Greed,84.0,7846.402274,515336.37,1.0,High,1.4309146391790821
2024-11-15,4140.740438,0.0,149,0.3691275167785235,1427858.42,9582.942416107382,0.610738255033557,80.0,Extreme Greed,True,False,467555.77839000005,Greed,88.0,4563.509225,1008361.81,1.0,High,1.476527372250712
2024-11-16,2769.521909,0.0,157,0.3057324840764331,303296.07,1931.822101910828,0.49044585987261147,86.0,Extreme Greed,True,True,470325.30029900005,Greed,80.0,4140.740438,1427858.42,1.0,High,1.1884622572135761
2024-11-17,882.975285,0.0,209,0.23444976076555024,1215987.57,5818.122344497608,0.3492822966507177,90.0,Extreme Greed,True,True,471208.27558400005,Greed,86.0,2769.521909,303296.07,1.0,High,0.3746746987750894
2024-11-18,4470.815187,0.0,346,0.3583815028901734,2084339.58,6024.102832369942,0.36127167630057805,83.0,Extreme Greed,True,False,475679.090771,Greed,90.0,882.975285,1215987.57,1.0,High,2.1140189407537124
2024-11-19,2958.268991,0.0,305,0.4918032786885246,628031.15,2059.118524590164,0.5245901639344263,90.0,Extreme Greed,True,False,478637.35976200004,Greed,83.0,4470.815187,2084339.58,1.0,High,1.3780616020763303
2024-11-20,4210.0928969999995,0.0,550,0.3981818181818182,1999514.1199999999,3635.480218181818,0.44363636363636366,83.0,Extreme Greed,True,False,482847.45265900006,Greed,90.0,2958.268991,628031.15,1.0,High,3.163322607487921
2024-11-21,1692.430891,0.0,535,0.308411214953271,598300.62,1118.3189158878504,0.4392523364485981,82.0,Extreme Greed,True,False,484539.8835500001,Greed,83.0,4210.0928969999995,1999514.1199999999,0.0,High,1.240224147150709
2024-11-22,-18105.345617,0.0,679,0.3078055964653903,1646713.62,2425.2041531664213,0.48159057437407954,94.0,Extreme Greed,False,False,466434.5379330001,Greed,82.0,1692.430891,598300.62,1.0,High,-2.259046296674418
2024-11-23,2901.531638,0.0,363,0.3526170798898072,516245.68,1422.1644077134986,0.4132231404958678,93.0,Extreme Greed,True,True,469336.06957100006,Greed,94.0,-18105.345617,1646713.62,1.0,High,0.3616611413879995
2024-11-24,945.550386,0.0,172,0.26744186046511625,664952.28,3866.001627906977,0.5988372093023255,80.0,Extreme Greed,True,True,470281.6199570001,Greed,93.0,2901.531638,516245.68,1.0,High,0.11783797234184541
2024-11-25,5523.740734,0.0,255,0.4117647058823529,937410.87,3676.1210588235294,0.49411764705882355,82.0,Extreme Greed,True,False,475805.36069100007,Greed,80.0,945.550386,664952.28,1.0,High,0.6790972788265774
2024-11-26,1094.809359,0.0,302,0.2913907284768212,1146902.44,3797.6901986754965,0.652317880794702,79.0,Extreme Greed,True,False,476900.1700500001,Greed,82.0,5523.740734,937410.87,0.0,High,0.13597145878452851
2024-11-27,-2654.495633,0.0,213,0.3474178403755869,1444242.53,6780.481361502348,0.3380281690140845,75.0,Extreme Greed,False,False,474245.6744170001,Greed,79.0,1094.809359,1146902.44,0.0,High,-0.338871447390788
2024-11-28,-127075.39958499999,0.0,332,0.32831325301204817,1894225.15,5705.497439759036,0.6234939759036144,77.0,Extreme Greed,False,False,347170.2748320001,Greed,75.0,-2654.495633,1444242.53,1.0,High,-2.646996573571405
2024-11-29,176844.994152,0.0,393,0.48854961832061067,794262.91,2021.0252162849874,0.37659033078880405,78.0,Extreme Greed,True,False,524015.2689840001,Greed,77.0,-127075.39958499999,1894225.15,1.0,High,1.998179850219619
2024-11-30,37316.69352,0.0,373,0.42091152815013405,1732193.7,4643.950938337802,0.2761394101876676,84.0,Extreme Greed,True,True,561331.962504,Greed,78.0,176844.994152,794262.91,1.0,High,0.4187627239563652
2024-12-01,40886.364494,0.5600160000000001,416,0.53125,814711.82,1958.441875,0.34615384615384615,81.0,Extreme Greed,True,True,602218.326998,Greed,84.0,37316.69352,1732193.7,1.0,High,0.4569400469922241
2024-12-02,18489.604313,0.0,270,0.4074074074074074,585243.56,2167.568740740741,0.5777777777777777,80.0,Extreme Greed,True,False,620707.931311,Greed,81.0,40886.364494,814711.82,1.0,High,0.20707170475156667
2024-12-03,23576.539285,0.0,374,0.4304812834224599,1084666.53,2900.177887700535,0.45454545454545453,76.0,Extreme Greed,True,False,644284.470596,Greed,80.0,18489.604313,585243.56,1.0,High,0.2652881236908897
2024-12-04,292891.815021,0.0,319,0.46394984326018807,769287.65,2411.5600313479626,0.30094043887147337,78.0,Extreme Greed,True,False,937176.285617,Greed,76.0,23576.539285,1084666.53,1.0,High,2.19784028255701
2024-12-05,71574.11848800001,0.0,456,0.4232456140350877,1256750.79,2756.0324342105264,0.42105263157894735,84.0,Extreme Greed,True,False,1008750.404105,Greed,78.0,292891.815021,769287.65,0.0,High,0.6950927120964255
2024-12-06,-92624.643895,0.0,403,0.23325062034739455,3471019.22,8612.950918114144,0.5086848635235732,72.0,Greed,False,False,916125.76021,Greed,84.0,71574.11848800001,1256750.79,1.0,Mid-High,-0.7948082461400131
2024-12-07,85906.279067,0.0,304,0.4309210526315789,451733.42,1485.965197368421,0.3618421052631579,75.0,Extreme Greed,True,True,1002032.039277,Greed,72.0,-92624.643895,3471019.22,1.0,High,0.7362259208283503
2024-12-08,15965.933436,0.0,420,0.3619047619047619,932939.72,2221.2850476190474,0.19523809523809524,79.0,Extreme Greed,True,True,1017997.972713,Greed,75.0,85906.279067,451733.42,1.0,High,0.1354828533964733
2024-12-09,6310.967676,0.0,539,0.31910946196660483,983949.68,1825.5096103896105,0.8441558441558441,78.0,Extreme Greed,True,False,1024308.940389,Greed,79.0,15965.933436,932939.72,1.0,High,0.05319582813400087
2024-12-10,39325.770231,0.787791,1596,0.5870927318295739,3150424.08,1973.94992481203,0.33208020050125314,78.0,Extreme Greed,True,False,1063634.71062,Greed,78.0,6310.967676,983949.68,1.0,High,0.33318380541530307
2024-12-11,319051.554217,2.259711,1221,0.7125307125307125,2194098.33,1796.9683292383293,0.14004914004914004,74.0,Greed,True,False,1382686.264837,Greed,78.0,39325.770231,3150424.08,1.0,Mid-High,2.5175680053874627
2024-12-12,599151.795008,10.681751,1932,0.6997929606625258,4557189.87,2358.7939285714288,0.2179089026915114,83.0,Extreme Greed,True,False,1981838.059845,Greed,74.0,319051.554217,2194098.33,1.0,High,2.5047932083330293
2024-12-13,31935.901745,0.0,1173,0.40153452685422,2880824.64,2455.9459846547315,0.5763000852514919,76.0,Extreme Greed,True,False,2013773.96159,Greed,83.0,599151.795008,4557189.87,1.0,High,0.14308449163405085
2024-12-14,167801.399244,0.0,1235,0.47368421052631576,2369561.78,1918.6735060728743,0.4817813765182186,83.0,Extreme Greed,True,True,2181575.360834,Greed,76.0,31935.901745,2880824.64,1.0,High,0.7592967493727949
2024-12-15,97525.315279,0.0,1697,0.24572775486152032,2583269.81,1522.256812021214,0.6664702416028285,80.0,Extreme Greed,True,True,2279100.676113,Greed,83.0,167801.399244,2369561.78,1.0,High,0.45649198354879733
2024-12-16,166774.344133,0.086172,1055,0.5071090047393365,2740808.97,2597.9231943127966,0.4009478672985782,83.0,Extreme Greed,True,False,2445875.020246,Greed,80.0,97525.315279,2583269.81,1.0,High,0.8336416497699825
2024-12-17,219591.305172,0.0,1941,0.4363730036063885,5233597.63,2696.3408706852138,0.43843379701184954,87.0,Extreme Greed,True,False,2665466.325418,Greed,83.0,166774.344133,2740808.97,1.0,High,1.1767184851254973
2024-12-18,13682.994673,0.0,1429,0.36599020293911827,3798887.07,2658.423421973408,0.5003498950314905,81.0,Extreme Greed,True,False,2679149.3200910003,Greed,87.0,219591.305172,5233597.63,1.0,High,0.06931974074666405
2024-12-19,62744.004486000005,0.166937,3339,0.6148547469302186,8241709.39,2468.316678646301,0.35968852949985025,75.0,Extreme Greed,True,False,2741893.3245770005,Greed,81.0,13682.994673,3798887.07,1.0,High,0.8064434595910596
2024-12-20,254969.660039,1.454962,2488,0.5558681672025724,7681274.71,3087.3290635048234,0.4537781350482315,74.0,Greed,True,False,2996862.9846160007,Greed,75.0,62744.004486000005,8241709.39,1.0,Mid-High,2.9516957535832473
2024-12-21,150022.163157,1.390236,1681,0.5496728138013087,4382875.12,2607.302272456871,0.3545508625817965,73.0,Greed,True,True,3146885.147773001,Greed,74.0,254969.660039,7681274.71,1.0,Mid-High,1.7505322052329908
2024-12-22,352197.163973,0.0,774,0.4354005167958656,3087320.22,3988.7858139534887,0.5788113695090439,73.0,Greed,True,True,3499082.311746001,Greed,73.0,150022.163157,4382875.12,0.0,Mid-High,3.067518712106905
2024-12-23,-29430.626577,0.0,2347,0.2901576480613549,6771878.26,2885.333728163613,0.4414145717937793,70.0,Greed,False,False,3469651.6851690006,Greed,73.0,352197.163973,3087320.22,1.0,Mid-High,-0.21254645635238525
2024-12-24,14813.780116,0.0,338,0.33727810650887574,1767036.11,5227.917485207101,0.34911242603550297,73.0,Greed,True,False,3484465.465285001,Greed,70.0,-29430.626577,6771878.26,1.0,Mid-High,0.10433884070243854
2024-12-25,756.6570469999998,0.0,208,0.30288461538461536,347889.35,1672.5449519230767,0.41346153846153844,73.0,Greed,True,False,3485222.1223320006,Greed,73.0,14813.780116,1767036.11,1.0,Mid-High,0.0052684683518082935
2024-12-26,60228.639722,0.159494,697,0.5136298421807748,2205242.65,3163.9062410329984,0.5351506456241033,79.0,Extreme Greed,True,False,3545450.7620540005,Greed,73.0,756.6570469999998,347889.35,1.0,High,0.41890615226455913
2024-12-27,2672.811035,0.0,260,0.4230769230769231,347913.0,1338.126923076923,0.5269230769230769,74.0,Greed,True,False,3548123.5730890003,Greed,79.0,60228.639722,2205242.65,1.0,Mid-High,0.019935094537263158
2024-12-28,940.673623,0.0,161,0.22981366459627328,281555.01,1748.7888819875777,0.35403726708074534,72.0,Greed,True,True,3549064.246712,Greed,74.0,2672.811035,347913.0,1.0,Mid-High,0.0070886584823004264
2024-12-29,2884.067927,0.0,201,0.31840796019900497,344628.54,1714.5698507462685,0.34328358208955223,73.0,Greed,True,True,3551948.314639,Greed,72.0,940.673623,281555.01,1.0,Mid-High,0.10734927294757554
2024-12-30,9009.738137,0.0,304,0.39473684210526316,1073865.73,3532.453059210526,0.6019736842105263,65.0,Greed,True,False,3560958.052776,Greed,73.0,2884.067927,344628.54,1.0,Mid-Low,0.4205345387319706
2024-12-31,5445.01281,0.0,306,0.3006535947712418,877164.62,2866.551045751634,0.46078431372549017,64.0,Greed,True,False,3566403.065586,Greed,65.0,9009.738137,1073865.73,0.0,Mid-Low,0.25222985823811644
2025-01-01,-9528.065345,0.0,96,0.3020833333333333,282582.1,2943.5635416666664,0.7083333333333334,66.0,Greed,False,False,3556875.000241,Greed,64.0,5445.01281,877164.62,1.0,Mid-Low,-0.4183703308205779
2025-01-02,8716.519087,0.0,361,0.45706371191135736,774674.84,2145.9136842105263,0.296398891966759,70.0,Greed,True,False,3565591.519328,Greed,66.0,-9528.065345,282582.1,1.0,Mid-High,1.3898865911346139
2025-01-03,6028.486793,0.0,508,0.27165354330708663,771208.99,1518.1279330708662,0.33267716535433073,74.0,Greed,True,False,3571620.006121,Greed,70.0,8716.519087,774674.84,1.0,Mid-High,0.9448355319568542
2025-01-04,2553.537968,0.0,371,0.20215633423180593,1826029.6199999999,4921.912722371967,0.20485175202156333,73.0,Greed,True,True,3574173.5440889997,Greed,74.0,6028.486793,771208.99,1.0,Mid-High,0.40484926402217875
2025-01-05,3187.719363,0.0,239,0.41841004184100417,451943.57,1890.977280334728,0.2719665271966527,72.0,Greed,True,True,3577361.2634519995,Greed,73.0,2553.537968,1826029.6199999999,1.0,Mid-High,0.505763894834398
2025-01-06,6064.185393,0.0,573,0.15532286212914484,556526.99,971.2512914485166,0.2582897033158813,76.0,Extreme Greed,True,False,3583425.4488449995,Greed,72.0,3187.719363,451943.57,1.0,High,1.0151793627612355
2025-01-07,16098.227531,6.222816,637,0.7613814756671899,1313178.1,2061.504081632653,0.8822605965463108,78.0,Extreme Greed,True,False,3599523.6763759996,Greed,76.0,6064.185393,556526.99,1.0,High,2.0811558324554755
2025-01-08,130117.090554,0.0,1039,0.37151106833493747,3177275.18,3058.0126852743024,0.7170356111645814,70.0,Greed,True,False,3729640.7669299995,Greed,78.0,16098.227531,1313178.1,1.0,Mid-High,2.785589792556653
2025-01-09,46975.928902,0.0,522,0.2777777777777778,1020733.25,1955.427681992337,0.3850574712643678,69.0,Greed,True,False,3776616.6958319996,Greed,70.0,130117.090554,3177275.18,0.0,Mid-High,1.0044072578142105
2025-01-10,-10116.875552,0.63832,819,0.5274725274725275,6547449.68,7994.444053724053,0.4468864468864469,50.0,Neutral,False,False,3766499.8202799996,Neutral,69.0,46975.928902,1020733.25,1.0,Mid-Low,-0.20849784300725974
2025-01-11,2269.080536,0.0,283,0.24381625441696114,1658098.71,5859.006042402827,0.5865724381625441,69.0,Greed,True,True,3768768.9008159996,Greed,50.0,-10116.875552,6547449.68,1.0,Mid-High,0.046739384211888814
2025-01-12,5742.241803,0.72332,602,0.7840531561461794,2258459.17,3751.59330564784,0.1345514950166113,62.0,Greed,True,True,3774511.142619,Greed,69.0,2269.080536,1658098.71,1.0,Mid-Low,0.11878658509323275
2025-01-13,9655.429352,0.0,408,0.3872549019607843,2936648.0100000002,7197.666691176471,0.5882352941176471,61.0,Greed,True,False,3784166.5719709997,Greed,62.0,5742.241803,2258459.17,1.0,Mid-Low,0.20079679930962055
2025-01-14,16069.512355,0.0,275,0.49818181818181817,876581.97,3187.5708,0.33454545454545453,63.0,Greed,True,False,3800236.0843259995,Greed,61.0,9655.429352,2936648.0100000002,1.0,Mid-Low,0.3341770147444282
2025-01-15,14819.5883,0.0,267,0.4606741573033708,1801599.8900000001,6747.565131086143,0.34831460674157305,70.0,Greed,True,False,3815055.6726259994,Greed,63.0,16069.512355,876581.97,1.0,Mid-High,0.8380891866601899
2025-01-16,20807.709328,0.0,371,0.3423180592991914,3049692.96,8220.196657681941,0.30727762803234504,75.0,Extreme Greed,True,False,3835863.3819539994,Greed,70.0,14819.5883,1801599.8900000001,1.0,High,2.0099018657891783
2025-01-17,7006.415608,0.515012,238,0.5294117647058824,1110230.46,4664.8338655462185,0.39915966386554624,75.0,Extreme Greed,True,False,3842869.7975619994,Greed,75.0,20807.709328,3049692.96,1.0,High,1.0683581564444524
2025-01-18,443.2330819999997,0.0,651,0.38095238095238093,2711629.88,4165.330076804916,0.5422427035330261,77.0,Extreme Greed,True,True,3843313.0306439996,Greed,75.0,7006.415608,1110230.46,1.0,High,0.06348499210122498
2025-01-19,87923.799302,0.0,1567,0.20229738353541799,9715215.3,6199.8821314613915,0.5366943203573707,77.0,Extreme Greed,True,True,3931236.8299459997,Greed,77.0,443.2330819999997,2711629.88,1.0,High,2.965335629664177
2025-01-20,87277.239173,0.3825,1315,0.5224334600760456,8287327.01,6302.149817490495,0.5741444866920152,76.0,Extreme Greed,True,False,4018514.069119,Greed,77.0,87923.799302,9715215.3,1.0,High,2.3239565652283263
2025-01-21,11077.839421,0.0,530,0.3867924528301887,1523729.82,2874.961924528302,0.27358490566037735,76.0,Extreme Greed,True,False,4029591.9085399997,Greed,76.0,87277.239173,8287327.01,1.0,High,0.29162938080587963
2025-01-22,20524.408057,0.0,832,0.28125,1778406.43,2137.5077283653845,0.35697115384615385,84.0,Extreme Greed,True,False,4050116.3165969998,Greed,76.0,11077.839421,1523729.82,1.0,High,0.5459195246613412
2025-01-23,101256.24216,7.492465,1218,0.6609195402298851,3697028.66,3035.3273070607556,0.4605911330049261,75.0,Extreme Greed,True,False,4151372.5587569997,Greed,84.0,20524.408057,1778406.43,1.0,High,2.266697513669643
2025-01-24,10602.779738,0.5630105000000001,874,0.5583524027459954,1611433.45,1843.7453661327231,0.4096109839816934,75.0,Extreme Greed,True,False,4161975.338495,Greed,75.0,101256.24216,3697028.66,0.0,High,0.23999887160279917
2025-01-25,-10348.016255999999,0.0,506,0.27865612648221344,1239377.7,2449.363043478261,0.6225296442687747,75.0,Extreme Greed,False,True,4151627.322239,Greed,75.0,10602.779738,1611433.45,1.0,High,-0.22417658152925896
2025-01-26,40823.466668,0.0,451,0.43458980044345896,1201173.66,2663.3562305986693,0.3902439024390244,73.0,Greed,True,True,4192450.788907,Greed,75.0,-10348.016255999999,1239377.7,1.0,Mid-High,0.9734306972222887
2025-01-27,41331.765392,0.0,773,0.4760672703751617,1508028.31,1950.8775032341528,0.6597671410090556,71.0,Greed,True,False,4233782.554299,Greed,73.0,40823.466668,1201173.66,1.0,Mid-High,1.148467041717811
2025-01-28,17979.613973,2.573011,498,0.6285140562248996,579412.17,1163.4782530120483,0.3152610441767068,72.0,Greed,True,False,4251762.168272,Greed,71.0,41331.765392,1508028.31,1.0,Mid-High,0.5071781312727763
2025-01-29,23421.01147,0.0,910,0.4164835164835165,1897513.41,2085.1795714285713,0.48131868131868133,72.0,Greed,True,False,4275183.179742,Greed,72.0,17979.613973,579412.17,1.0,Mid-High,0.6632175399354251
2025-01-30,23097.471385,0.0,1067,0.3467666354264292,3014397.17,2825.114498594189,0.25023430178069356,70.0,Greed,True,False,4298280.651127,Greed,72.0,23421.01147,1897513.41,1.0,Mid-High,1.292355240386968
2025-01-31,35868.296773,0.8434925,1016,0.5413385826771654,2783411.48,2739.578228346457,0.31791338582677164,76.0,Extreme Greed,True,False,4334148.9479,Greed,70.0,23097.471385,3014397.17,1.0,High,1.995267069120474
2025-02-01,32300.205017,1.763296,634,0.5962145110410094,1363746.44,2151.019621451104,0.555205047318612,68.0,Greed,True,True,4366449.152917,Greed,76.0,35868.296773,2783411.48,1.0,Mid-High,3.478371052203042
2025-02-02,162854.759623,0.0,1319,0.35860500379075055,5661092.29,4291.957763457164,0.6315390447308568,60.0,Greed,True,True,4529303.912540001,Greed,68.0,32300.205017,1363746.44,1.0,Mid-Low,3.1780823930739004
2025-02-03,348871.326269,0.0,2380,0.4634453781512605,22592901.37,9492.815701680673,0.4584033613445378,44.0,Fear,True,False,4878175.238809001,Fear,60.0,162854.759623,5661092.29,1.0,Low,2.807524051048828
2025-02-04,416876.88812,0.0,2512,0.276671974522293,15678409.27,6241.404964171974,0.455015923566879,72.0,Greed,True,False,5295052.126929001,Greed,44.0,348871.326269,22592901.37,1.0,Mid-High,2.4770719054222345
2025-02-05,56706.235562,0.0,1297,0.3215111796453354,8743231.51,6741.1191287586735,0.5312259059367772,54.0,Neutral,True,False,5351758.362491001,Neutral,72.0,416876.88812,15678409.27,1.0,Mid-Low,0.34454564152591566
2025-02-06,33803.799733,0.0,1703,0.46095126247798,2818508.87,1655.0257604227834,0.6829125073399882,49.0,Neutral,True,False,5385562.162224001,Neutral,54.0,56706.235562,8743231.51,1.0,Mid-Low,0.20711888169082654
2025-02-07,22450.002091,0.0,1524,0.2821522309711286,3460263.54,2270.5141338582675,0.6279527559055118,44.0,Fear,True,False,5408012.164315001,Fear,49.0,33803.799733,2818508.87,1.0,Low,0.13612959713315528
2025-02-08,586.703253,0.0,575,0.19130434782608696,839734.97,1460.4086434782607,0.7843478260869565,44.0,Fear,True,True,5408598.867568001,Fear,44.0,22450.002091,3460263.54,1.0,Low,0.003467954505614746
2025-02-09,150551.829492,0.0,764,0.4306282722513089,2920919.7,3823.19332460733,0.5602094240837696,46.0,Neutral,True,True,5559150.697060001,Neutral,44.0,586.703253,839734.97,1.0,Low,0.8904548445779359
2025-02-10,63908.49465,0.0,889,0.4780652418447694,3624958.44,4077.5685489313837,0.4049493813273341,43.0,Fear,True,False,5623059.191710001,Fear,46.0,150551.829492,2920919.7,0.0,Low,0.44077524263300055
2025-02-11,-6093.784817,0.0,848,0.21816037735849056,2797544.17,3298.990766509434,0.4268867924528302,47.0,Neutral,False,False,5616965.406893001,Neutral,43.0,63908.49465,3624958.44,1.0,Low,-0.11500470650332748
2025-02-12,19848.635032,0.0,1031,0.4626576139670223,4143974.54,4019.3739476236665,0.3937924345295829,46.0,Neutral,True,False,5636814.041925001,Neutral,47.0,-6093.784817,2797544.17,1.0,Low,0.37049922869275537
2025-02-13,27829.534238,0.0,1370,0.4678832116788321,3199852.21,2335.6585474452554,0.43284671532846714,50.0,Neutral,True,False,5664643.576163001,Neutral,46.0,19848.635032,4143974.54,1.0,Mid-Low,0.5177726256396692
2025-02-14,213860.675308,0.0,1655,0.42900302114803623,4007103.42,2421.210525679758,0.3214501510574018,48.0,Neutral,True,False,5878504.251471002,Neutral,50.0,27829.534238,3199852.21,1.0,Low,2.5540205265279448
2025-02-15,45042.92701,0.0,932,0.4302575107296137,1712852.95,1837.8250536480687,0.6148068669527897,50.0,Neutral,True,True,5923547.178481001,Neutral,48.0,213860.675308,4007103.42,1.0,Mid-Low,0.5671927065267411
2025-02-16,2369.478425,0.0,681,0.44052863436123346,806177.64,1183.8144493392072,0.5066079295154186,54.0,Neutral,True,True,5925916.656906001,Neutral,50.0,45042.92701,1712852.95,1.0,Mid-Low,0.031549142710842686
2025-02-17,1818.573295,0.0,941,0.22422954303931988,2031044.64,2158.3896280552603,0.6620616365568545,51.0,Neutral,True,False,5927735.230201001,Neutral,54.0,2369.478425,806177.64,1.0,Mid-Low,0.023569950297267928
2025-02-18,91204.672403,0.061069,1676,0.5119331742243437,3371128.68,2011.413293556086,0.6270883054892601,47.0,Neutral,True,False,6018939.902604002,Neutral,51.0,1818.573295,2031044.64,1.0,Low,1.2084318692916551
2025-02-19,14985.794701,0.0,1361,0.4276267450404115,3263930.24,2398.185334313005,0.6348273328434975,44.0,Fear,True,False,6033925.697305001,Fear,47.0,91204.672403,3371128.68,1.0,Low,0.1974457945739444
2025-02-20,46008.794102,0.0,2012,0.47912524850894633,4628609.29,2300.5016351888667,0.39165009940357853,49.0,Neutral,True,False,6079934.491407001,Neutral,44.0,14985.794701,3263930.24,1.0,Mid-Low,0.6130350180799292
2025-02-21,119693.49395,0.109988,1873,0.5221569674319274,3972159.88,2120.747399893219,0.397223705285638,55.0,Greed,True,False,6199627.985357001,Greed,49.0,46008.794102,4628609.29,1.0,Mid-Low,2.6443932035661972
2025-02-22,25278.704178,0.0,686,0.4970845481049563,3175570.2,4629.111078717201,0.5247813411078717,49.0,Neutral,True,True,6224906.689535001,Neutral,55.0,119693.49395,3972159.88,1.0,Mid-Low,0.5503133467113704
2025-02-23,10656.934251,0.0,520,0.45,1141310.74,2194.8283461538463,0.5442307692307692,50.0,Neutral,True,True,6235563.6237860015,Neutral,49.0,25278.704178,3175570.2,1.0,Mid-Low,0.2378529362803868
2025-02-24,38470.176242,0.0,5616,0.39672364672364674,11223619.59,1998.5077617521367,0.5795940170940171,49.0,Neutral,True,False,6274033.800028002,Neutral,50.0,10656.934251,1141310.74,1.0,Mid-Low,0.9382536641840783
2025-02-25,204762.177034,0.0,6246,0.260646813960935,19414984.36,3108.3868651937237,0.6781940441882806,25.0,Fear,True,False,6478795.977062002,Fear,49.0,38470.176242,11223619.59,1.0,Low,2.8663849496649565
2025-02-26,63229.063129,1.4922360000000001,1176,0.6709183673469388,4946958.13,4206.597049319727,0.32908163265306123,21.0,Extreme Fear,True,False,6542025.040191002,Fear,25.0,204762.177034,19414984.36,0.0,Low,0.9302309202660269
2025-02-27,-36525.167517,0.0,890,0.27752808988764044,1999898.43,2247.0768876404495,0.45617977528089887,10.0,Extreme Fear,False,False,6505499.872674002,Fear,21.0,63229.063129,4946958.13,1.0,Low,-0.45928560291212855
2025-02-28,225628.108748,0.0,1019,0.3886162904808636,4123660.77,4046.7721000981355,0.5201177625122669,16.0,Extreme Fear,True,False,6731127.981422002,Fear,10.0,-36525.167517,1999898.43,1.0,Low,2.2554524105125773
2025-03-01,10596.108968,0.0,174,0.4482758620689655,263824.13,1516.230632183908,0.603448275862069,20.0,Extreme Fear,True,True,6741724.090390002,Fear,16.0,225628.108748,4123660.77,1.0,Low,0.10447740443028208
2025-03-02,66914.320708,0.0120845,532,0.5018796992481203,6460848.74,12144.452518796992,0.5150375939849624,26.0,Fear,True,True,6808638.411098002,Fear,20.0,10596.108968,263824.13,1.0,Low,0.68460166204976
2025-03-03,616413.032233,9.005766,1482,0.6153846153846154,8244590.38,5563.151403508772,0.7213225371120108,33.0,Fear,True,False,7425051.443331002,Fear,26.0,66914.320708,6460848.74,1.0,Low,2.7872342566956028
2025-03-04,182075.566585,0.0,2402,0.25353871773522063,11124247.15,4631.24360949209,0.7277268942547876,15.0,Extreme Fear,True,False,7607127.009916002,Fear,33.0,616413.032233,8244590.38,1.0,Low,0.8252459788680758
2025-03-05,269328.365917,34.0166975,1660,0.7584337349397591,9193654.22,5538.345915662651,0.22590361445783133,20.0,Extreme Fear,True,False,7876455.375833002,Fear,15.0,182075.566585,11124247.15,1.0,Low,1.229097002647405
2025-03-06,16101.125561,0.0,760,0.48026315789473684,6765324.96,8901.743368421052,0.4881578947368421,25.0,Fear,True,False,7892556.501394002,Fear,20.0,269328.365917,9193654.22,1.0,Low,0.07638893388328058
2025-03-07,150236.061627,0.231811,2552,0.5223354231974922,19854275.48,7779.888510971787,0.4807993730407524,34.0,Fear,True,False,8042792.563021001,Fear,25.0,16101.125561,6765324.96,1.0,Low,0.7117959027063415
2025-03-08,24700.773359,4.088704,529,0.5689981096408318,892083.51,1686.3582419659735,0.5444234404536862,28.0,Fear,True,True,8067493.336380001,Fear,34.0,150236.061627,19854275.48,1.0,Low,0.11809741031340833
2025-03-09,19773.457395,0.0,1422,0.4409282700421941,10419697.99,7327.495070323488,0.6659634317862166,27.0,Fear,True,True,8087266.793775002,Fear,28.0,24700.773359,892083.51,0.0,Low,0.0922059551627824
2025-03-10,-10010.027269999999,0.0,2911,0.39745791824115423,16811790.68,5775.263029886637,0.539333562349708,20.0,Extreme Fear,False,False,8077256.766505001,Fear,27.0,19773.457395,10419697.99,0.0,Low,-0.09344335795660974
2025-03-11,-76880.729036,0.0,3286,0.18746195982958003,14016952.09,4265.657970176507,0.6451612903225806,24.0,Extreme Fear,False,False,8000376.0374690015,Fear,20.0,-10010.027269999999,16811790.68,1.0,Low,-0.6646124937230519
2025-03-12,288105.984215,1.6060059999999998,3968,0.5645161290322581,18618139.15,4692.071358366935,0.41507056451612906,34.0,Fear,True,False,8288482.021684001,Fear,24.0,-76880.729036,14016952.09,1.0,Low,2.3709567472370296
2025-03-13,14114.870873,0.0,962,0.4573804573804574,3285591.22,3415.375488565489,0.4864864864864865,45.0,Neutral,True,False,8302596.892557001,Neutral,34.0,288105.984215,18618139.15,1.0,Low,0.11604436314682419
2025-03-14,68646.160089,1.88254,2210,0.8538461538461538,8047187.16,3641.261158371041,0.1343891402714932,27.0,Fear,True,False,8371243.052646001,Fear,45.0,14114.870873,3285591.22,1.0,Low,0.596295383305273
2025-03-15,78694.624572,0.650626,261,0.5938697318007663,2355749.54,9025.86030651341,0.5900383141762452,46.0,Neutral,True,True,8449937.677218001,Neutral,27.0,68646.160089,8047187.16,0.0,Low,0.683155044997504
2025-03-16,-7910.943544999999,0.0,530,0.2320754716981132,10187921.51,19222.49341509434,0.5735849056603773,30.0,Fear,False,True,8442026.733673,Fear,46.0,78694.624572,2355749.54,1.0,Low,-0.06758626114044598
2025-03-17,26163.906513,0.0,920,0.4532608695652174,3592895.05,3905.320706521739,0.525,32.0,Fear,True,False,8468190.640186,Fear,30.0,-7910.943544999999,10187921.51,1.0,Low,0.228110312539759
2025-03-18,72322.788824,0.0,834,0.22541966426858512,4050655.47,4856.901043165468,0.4088729016786571,34.0,Fear,True,False,8540513.42901,Fear,32.0,26163.906513,3592895.05,1.0,Low,0.733012934156795
2025-03-19,29374.682341,0.0,1612,0.4162531017369727,4598813.57,2852.8620161290323,0.34925558312655086,32.0,Fear,True,False,8569888.111351,Fear,34.0,72322.788824,4050655.47,1.0,Low,0.8835280158371047
2025-03-20,10246.859436,0.0,771,0.4085603112840467,1652257.93,2143.0063942931256,0.3086900129701686,49.0,Neutral,True,False,8580134.970787,Neutral,32.0,29374.682341,4598813.57,1.0,Mid-Low,0.3033346865282955
2025-03-21,6951.270374,0.009684,698,0.5,2543903.39,3644.560730659026,0.49570200573065903,31.0,Fear,True,False,8587086.241161,Fear,49.0,10246.859436,1652257.93,1.0,Low,0.2106883476726545
2025-03-22,12498.535254,0.0,535,0.4747663551401869,971809.42,1816.4662056074767,0.41495327102803736,32.0,Fear,True,True,8599584.776415,Fear,31.0,6951.270374,2543903.39,1.0,Low,0.48706211257614485
2025-03-23,14047.421585,0.0,447,0.32662192393736017,2593519.67,5802.057427293064,0.6487695749440716,30.0,Fear,True,True,8613632.197999999,Fear,32.0,12498.535254,971809.42,1.0,Low,0.6202138381084047
2025-03-24,107878.961301,1.5312,1027,0.6153846153846154,3017587.05,2938.254186952288,0.2074001947419669,45.0,Neutral,True,False,8721511.159301,Neutral,30.0,14047.421585,2593519.67,1.0,Low,2.774521349481888
2025-03-25,32030.90678,0.0,791,0.3615676359039191,5372519.77,6792.060391908975,0.5335018963337548,46.0,Neutral,True,False,8753542.066081,Neutral,45.0,107878.961301,3017587.05,1.0,Low,0.902932820171709
2025-03-26,15802.167427,0.0,3102,0.27111540941328177,7597754.37,2449.30830754352,0.5074145712443585,47.0,Neutral,True,False,8769344.233508,Neutral,46.0,32030.90678,5372519.77,1.0,Low,0.44004917095635737
2025-03-27,58825.359221,0.0,785,0.33375796178343947,3240279.46,4127.744535031847,0.6038216560509554,40.0,Fear,True,False,8828169.592729,Fear,47.0,15802.167427,7597754.37,1.0,Low,1.6122987296003177
2025-03-28,21337.179335,0.0,728,0.3173076923076923,1483092.61,2037.2151236263737,0.7321428571428571,44.0,Fear,True,False,8849506.772064,Fear,40.0,58825.359221,3240279.46,1.0,Low,0.6098408024312534
2025-03-29,12098.872931,0.0,1894,0.3558606124604013,3668151.83,1936.7221911298839,0.5263991552270327,26.0,Fear,True,True,8861605.644995,Fear,44.0,21337.179335,1483092.61,1.0,Low,0.3453270556460501
2025-03-30,15795.11514,0.0,568,0.16549295774647887,2850874.96,5019.146056338028,0.8415492957746479,32.0,Fear,True,True,8877400.760135,Fear,26.0,12098.872931,3668151.83,1.0,Low,0.45326665572268104
2025-03-31,6978.184557,0.580795,495,0.5232323232323233,2164772.4699999997,4373.277717171717,0.43232323232323233,34.0,Fear,True,False,8884378.944692,Fear,32.0,15795.11514,2850874.96,0.0,Low,0.39777693215795834
2025-04-01,-2202.6622420000003,0.0,192,0.4583333333333333,704445.1900000001,3668.9853645833336,0.4791666666666667,34.0,Fear,False,False,8882176.28245,Fear,34.0,6978.184557,2164772.4699999997,1.0,Low,-0.11371975404178286
2025-04-02,202212.740938,28.665758500000003,1076,0.8949814126394052,3867930.6,3594.7310408921935,0.11895910780669144,44.0,Fear,True,False,9084389.023388,Fear,34.0,-2202.6622420000003,704445.1900000001,0.0,Low,2.8097718954732156
2025-04-03,-2365.961276,0.0,1748,0.2974828375286041,8670233.15,4960.087614416476,0.5469107551487414,25.0,Fear,False,False,9082023.062112,Fear,44.0,202212.740938,3867930.6,0.0,Low,-0.03210052684869934
2025-04-04,-25515.678949999998,0.0,1272,0.38757861635220126,3835545.73,3015.3661399371067,0.3922955974842767,28.0,Fear,False,False,9056507.383162,Fear,25.0,-2365.961276,8670233.15,1.0,Low,-0.329980603213281
2025-04-05,35907.33771,1.814678,360,0.5805555555555556,1267564.22,3521.011722222222,0.38333333333333336,30.0,Fear,True,True,9092414.720872,Fear,28.0,-25515.678949999998,3835545.73,1.0,Low,0.4666268786127233
2025-04-06,47053.449272,0.0,1048,0.31679389312977096,3551252.06,3388.59929389313,0.6469465648854962,34.0,Fear,True,True,9139468.170144,Fear,30.0,35907.33771,1267564.22,1.0,Low,0.613518425761322
2025-04-07,34527.370305,0.0,2814,0.23916133617626156,14460253.14,5138.682707889126,0.5028429282160626,23.0,Extreme Fear,True,False,9173995.540448999,Fear,34.0,47053.449272,3551252.06,1.0,Low,0.4568958414185444
2025-04-08,34899.394798,0.0,943,0.4093319194061506,8869391.4,9405.505196182397,0.4559915164369035,24.0,Extreme Fear,True,False,9208894.935246998,Fear,23.0,34527.370305,14460253.14,1.0,Low,0.476313255830954
2025-04-09,43120.444797,0.0,3967,0.43055205444920597,28556806.47,7198.589984875221,0.44466851525081924,18.0,Extreme Fear,True,False,9252015.380043998,Fear,24.0,34899.394798,8869391.4,1.0,Low,1.5895475222349467
2025-04-10,158261.822261,0.05977,2127,0.5289139633286318,28741953.29,13512.90704748472,0.5345557122708039,39.0,Fear,True,False,9410277.202304998,Fear,18.0,43120.444797,28556806.47,1.0,Low,2.8832337058873976
2025-04-11,126406.479081,0.0,1096,0.3357664233576642,11319327.07,10327.853166058394,0.2846715328467153,25.0,Fear,True,False,9536683.681385998,Fear,39.0,158261.822261,28741953.29,1.0,Low,2.458648297482194
2025-04-12,410419.694533,0.0,2109,0.2721669037458511,55914617.49,26512.383826458037,0.3793266951161688,43.0,Fear,True,True,9947103.375918997,Fear,25.0,126406.479081,11319327.07,1.0,Low,3.009381831929073
2025-04-13,48696.021521,0.0,1321,0.3618470855412566,14171154.79,10727.596358819075,0.5594246782740349,45.0,Neutral,True,True,9995799.397439998,Neutral,43.0,410419.694533,55914617.49,1.0,Low,0.3574524775889129
2025-04-14,45680.443063,0.0,890,0.42247191011235957,13079972.98,14696.598853932584,0.5808988764044943,31.0,Fear,True,False,10041479.840502998,Fear,45.0,48696.021521,14171154.79,1.0,Low,0.3381403749526478
2025-04-15,72357.706282,0.621726,1131,0.5720601237842617,20752168.24,18348.51303271441,0.3041556145004421,38.0,Fear,True,False,10113837.546784997,Fear,31.0,45680.443063,13079972.98,1.0,Low,0.5495063877993284
2025-04-16,58631.730257,0.0,1608,0.3401741293532338,36502715.9,22700.69396766169,0.5192786069651741,29.0,Fear,True,False,10172469.277041998,Fear,38.0,72357.706282,20752168.24,1.0,Low,0.45064142700131116
2025-04-17,5427.919886,0.0,1031,0.30358874878758485,2604551.51,2526.238128031038,0.33074684772065954,30.0,Fear,True,False,10177897.196927998,Fear,29.0,58631.730257,36502715.9,1.0,Low,0.03948117590032368
2025-04-18,4880.4047439999995,0.055965,1894,0.5126715945089757,24610650.46,12994.007634635693,0.3986272439281943,33.0,Fear,True,False,10182777.601671997,Fear,30.0,5427.919886,2604551.51,1.0,Low,0.03422633618833288
2025-04-19,71950.577495,0.0,2786,0.2921751615218952,32706462.71,11739.577426417804,0.35857860732232594,32.0,Fear,True,True,10254728.179166997,Fear,33.0,4880.4047439999995,24610650.46,1.0,Low,2.532653101287251
2025-04-20,25060.341936,0.0,1982,0.3985872855701312,12126094.05,6118.110015136226,0.5443995963673057,37.0,Fear,True,True,10279788.521102997,Fear,32.0,71950.577495,32706462.71,1.0,Low,0.8598320814941012
2025-04-21,34369.267906999994,0.0,1718,0.3940628637951106,42104054.84,24507.598859138536,0.35157159487776485,39.0,Fear,True,False,10314157.789009996,Fear,37.0,25060.341936,12126094.05,1.0,Low,1.179914369897016
2025-04-22,58652.763578,0.0,2998,0.2961974649766511,33753625.24,11258.714222815212,0.47364909939959976,47.0,Neutral,True,False,10372810.552587995,Neutral,39.0,34369.267906999994,42104054.84,0.0,Low,2.1817579756387673
2025-04-23,-419020.225731,0.0,6159,0.324728040266277,30682443.79,4981.72492125345,0.6848514369215781,72.0,Greed,False,False,9953790.326856995,Greed,47.0,58652.763578,33753625.24,1.0,Mid-High,-2.4244323288162115
2025-04-24,50704.395965,0.0,2232,0.4135304659498208,35088918.64,15720.841684587815,0.5479390681003584,63.0,Greed,True,False,10004494.722821996,Greed,72.0,-419020.225731,30682443.79,1.0,Mid-Low,0.2893039941239346
2025-04-25,20218.859206,0.0,1653,0.38596491228070173,27749455.78,16787.32957047792,0.41197822141560797,60.0,Greed,True,False,10024713.582027996,Greed,63.0,50704.395965,35088918.64,0.0,Mid-Low,0.11501647730652678
2025-04-26,-4125.753942,0.0,1131,0.1724137931034483,11948127.77,10564.215534924844,0.5340406719717065,65.0,Greed,False,True,10020587.828085996,Greed,60.0,20218.859206,27749455.78,1.0,Mid-Low,-0.024089729761914664
2025-04-27,2702.067468,0.0,337,0.3560830860534125,487537.69,1446.6993768545994,0.6201780415430267,61.0,Greed,True,True,10023289.895553997,Greed,65.0,-4125.753942,11948127.77,1.0,Mid-Low,0.015876002769259594
2025-04-28,36906.813759,0.0,1379,0.4169688179840464,26124921.49,18944.83066715011,0.47280638143582304,54.0,Neutral,True,False,10060196.709312996,Neutral,61.0,2702.067468,487537.69,1.0,Mid-Low,0.21661815396586023
2025-04-29,125749.613427,0.0,2243,0.43201069995541685,34089511.66,15198.177289344627,0.49264378065091396,60.0,Greed,True,False,10185946.322739996,Greed,54.0,36906.813759,26124921.49,1.0,Mid-Low,0.7052265361304941
2025-04-30,14003.797269,0.0,1113,0.26504941599281223,12693878.85,11405.10229110512,0.7529200359389039,56.0,Greed,True,False,10199950.120008996,Greed,60.0,125749.613427,34089511.66,1.0,Mid-Low,0.31686816655155464
2025-05-01,54536.829297000004,0.0,1230,0.43089430894308944,10720240.52,8715.642699186992,0.5577235772357724,53.0,Neutral,True,False,10254486.949305996,Neutral,56.0,14003.797269,12693878.85,,Mid-Low,1.2271455734531538
